height,lat_x,lon_x,tas_k,lat_y,lon_y,pr_flux,year,month
2.0,32.5,243.12500000000003,283.08655,32.5,243.12500000000003,1.5343381e-05,1850,1
2.0,32.5,243.12500000000003,284.45667,32.5,243.12500000000003,4.3557975e-05,1850,2
2.0,32.5,243.12500000000003,285.97232,32.5,243.12500000000003,1.2520195e-05,1850,3
2.0,32.5,243.12500000000003,288.7974,32.5,243.12500000000003,1.2009729e-05,1850,4
2.0,32.5,243.12500000000003,289.54782,32.5,243.12500000000003,5.907466e-06,1850,5
2.0,32.5,243.12500000000003,291.5019,32.5,243.12500000000003,3.6895592e-06,1850,6
2.0,32.5,243.12500000000003,295.92758,32.5,243.12500000000003,4.7311514e-07,1850,7
2.0,32.5,243.12500000000003,297.7704,32.5,243.12500000000003,1.1655773e-07,1850,8
2.0,32.5,243.12500000000003,296.2427,32.5,243.12500000000003,1.750284e-07,1850,9
2.0,32.5,243.12500000000003,292.34216,32.5,243.12500000000003,5.8229887e-08,1850,10
2.0,32.5,243.12500000000003,286.06305,32.5,243.12500000000003,2.4898687e-05,1850,11
2.0,32.5,243.12500000000003,280.67194,32.5,243.12500000000003,1.09882185e-05,1850,12
2.0,32.5,243.12500000000003,283.20703,32.5,243.12500000000003,1.3806195e-05,1851,1
2.0,32.5,243.12500000000003,286.03647,32.5,243.12500000000003,7.094866e-06,1851,2
2.0,32.5,243.12500000000003,285.5574,32.5,243.12500000000003,2.1960874e-05,1851,3
2.0,32.5,243.12500000000003,289.10495,32.5,243.12500000000003,2.8207253e-06,1851,4
2.0,32.5,243.12500000000003,288.7993,32.5,243.12500000000003,2.2367453e-06,1851,5
2.0,32.5,243.12500000000003,290.90552,32.5,243.12500000000003,8.681398e-07,1851,6
2.0,32.5,243.12500000000003,296.99887,32.5,243.12500000000003,1.2510303e-06,1851,7
2.0,32.5,243.12500000000003,297.85983,32.5,243.12500000000003,6.858359e-07,1851,8
2.0,32.5,243.12500000000003,294.1038,32.5,243.12500000000003,2.8110906e-06,1851,9
2.0,32.5,243.12500000000003,293.15652,32.5,243.12500000000003,4.1110349e-07,1851,10
2.0,32.5,243.12500000000003,285.7921,32.5,243.12500000000003,4.7544395e-06,1851,11
2.0,32.5,243.12500000000003,282.8412,32.5,243.12500000000003,5.481283e-05,1851,12
2.0,32.5,243.12500000000003,279.95428,32.5,243.12500000000003,2.788898e-06,1852,1
2.0,32.5,243.12500000000003,284.5287,32.5,243.12500000000003,7.0080987e-06,1852,2
2.0,32.5,243.12500000000003,283.96628,32.5,243.12500000000003,3.08133e-05,1852,3
2.0,32.5,243.12500000000003,286.5086,32.5,243.12500000000003,1.1040588e-05,1852,4
2.0,32.5,243.12500000000003,289.52002,32.5,243.12500000000003,1.440221e-06,1852,5
2.0,32.5,243.12500000000003,291.6866,32.5,243.12500000000003,2.0421976e-06,1852,6
2.0,32.5,243.12500000000003,295.7049,32.5,243.12500000000003,2.2533169e-07,1852,7
2.0,32.5,243.12500000000003,292.90298,32.5,243.12500000000003,1.4638291e-06,1852,8
2.0,32.5,243.12500000000003,294.51056,32.5,243.12500000000003,5.1307205e-07,1852,9
2.0,32.5,243.12500000000003,292.08105,32.5,243.12500000000003,1.7911774e-05,1852,10
2.0,32.5,243.12500000000003,286.77454,32.5,243.12500000000003,2.7982886e-05,1852,11
2.0,32.5,243.12500000000003,283.55392,32.5,243.12500000000003,1.3677991e-05,1852,12
2.0,32.5,243.12500000000003,283.5034,32.5,243.12500000000003,6.8063e-05,1853,1
2.0,32.5,243.12500000000003,285.02142,32.5,243.12500000000003,1.7105842e-05,1853,2
2.0,32.5,243.12500000000003,286.41092,32.5,243.12500000000003,2.0181275e-05,1853,3
2.0,32.5,243.12500000000003,286.67984,32.5,243.12500000000003,3.6591504e-05,1853,4
2.0,32.5,243.12500000000003,291.57547,32.5,243.12500000000003,1.6708153e-06,1853,5
2.0,32.5,243.12500000000003,292.0667,32.5,243.12500000000003,1.4557799e-06,1853,6
2.0,32.5,243.12500000000003,294.75107,32.5,243.12500000000003,1.0140851e-06,1853,7
2.0,32.5,243.12500000000003,296.38425,32.5,243.12500000000003,9.113266e-07,1853,8
2.0,32.5,243.12500000000003,297.46555,32.5,243.12500000000003,1.1808943e-06,1853,9
2.0,32.5,243.12500000000003,294.477,32.5,243.12500000000003,9.287756e-06,1853,10
2.0,32.5,243.12500000000003,286.1364,32.5,243.12500000000003,1.5108934e-05,1853,11
2.0,32.5,243.12500000000003,283.88562,32.5,243.12500000000003,3.6100878e-06,1853,12
2.0,32.5,243.12500000000003,285.29102,32.5,243.12500000000003,4.7486615e-06,1854,1
2.0,32.5,243.12500000000003,286.8119,32.5,243.12500000000003,6.386242e-06,1854,2
2.0,32.5,243.12500000000003,288.32578,32.5,243.12500000000003,5.748977e-07,1854,3
2.0,32.5,243.12500000000003,288.60236,32.5,243.12500000000003,2.5839577e-06,1854,4
2.0,32.5,243.12500000000003,289.4199,32.5,243.12500000000003,1.961451e-06,1854,5
2.0,32.5,243.12500000000003,290.73978,32.5,243.12500000000003,1.6446102e-06,1854,6
2.0,32.5,243.12500000000003,295.13962,32.5,243.12500000000003,8.630063e-06,1854,7
2.0,32.5,243.12500000000003,298.25598,32.5,243.12500000000003,8.459345e-07,1854,8
2.0,32.5,243.12500000000003,295.29803,32.5,243.12500000000003,1.2262456e-05,1854,9
2.0,32.5,243.12500000000003,291.65167,32.5,243.12500000000003,2.1023575e-06,1854,10
2.0,32.5,243.12500000000003,287.2809,32.5,243.12500000000003,6.915821e-06,1854,11
2.0,32.5,243.12500000000003,284.3555,32.5,243.12500000000003,7.05424e-05,1854,12
2.0,32.5,243.12500000000003,280.72424,32.5,243.12500000000003,2.3233268e-05,1855,1
2.0,32.5,243.12500000000003,286.72858,32.5,243.12500000000003,1.9188452e-05,1855,2
2.0,32.5,243.12500000000003,289.10233,32.5,243.12500000000003,3.9360525e-06,1855,3
2.0,32.5,243.12500000000003,289.31168,32.5,243.12500000000003,1.0355252e-06,1855,4
2.0,32.5,243.12500000000003,291.0872,32.5,243.12500000000003,8.9773437e-07,1855,5
2.0,32.5,243.12500000000003,293.6788,32.5,243.12500000000003,1.4916936e-06,1855,6
2.0,32.5,243.12500000000003,295.96976,32.5,243.12500000000003,1.4767451e-07,1855,7
2.0,32.5,243.12500000000003,297.84622,32.5,243.12500000000003,1.9849705e-07,1855,8
2.0,32.5,243.12500000000003,295.5412,32.5,243.12500000000003,1.1372251e-05,1855,9
2.0,32.5,243.12500000000003,291.59402,32.5,243.12500000000003,1.2896773e-05,1855,10
2.0,32.5,243.12500000000003,288.08926,32.5,243.12500000000003,3.7955283e-06,1855,11
2.0,32.5,243.12500000000003,284.59995,32.5,243.12500000000003,4.4425742e-05,1855,12
2.0,32.5,243.12500000000003,283.69885,32.5,243.12500000000003,2.6483058e-05,1856,1
2.0,32.5,243.12500000000003,286.0924,32.5,243.12500000000003,1.2650147e-06,1856,2
2.0,32.5,243.12500000000003,287.0502,32.5,243.12500000000003,1.6891445e-05,1856,3
2.0,32.5,243.12500000000003,288.35416,32.5,243.12500000000003,3.6167683e-05,1856,4
2.0,32.5,243.12500000000003,288.25336,32.5,243.12500000000003,6.304538e-06,1856,5
2.0,32.5,243.12500000000003,291.85837,32.5,243.12500000000003,9.58892e-07,1856,6
2.0,32.5,243.12500000000003,294.5122,32.5,243.12500000000003,7.842212e-07,1856,7
2.0,32.5,243.12500000000003,296.77225,32.5,243.12500000000003,1.5723928e-07,1856,8
2.0,32.5,243.12500000000003,298.23975,32.5,243.12500000000003,1.3580615e-05,1856,9
2.0,32.5,243.12500000000003,292.0372,32.5,243.12500000000003,6.112125e-07,1856,10
2.0,32.5,243.12500000000003,287.38544,32.5,243.12500000000003,3.8360937e-05,1856,11
2.0,32.5,243.12500000000003,284.79636,32.5,243.12500000000003,2.7371374e-05,1856,12
2.0,32.5,243.12500000000003,282.31384,32.5,243.12500000000003,2.6543641e-05,1857,1
2.0,32.5,243.12500000000003,285.0142,32.5,243.12500000000003,1.0464211e-05,1857,2
2.0,32.5,243.12500000000003,287.72153,32.5,243.12500000000003,1.3828232e-05,1857,3
2.0,32.5,243.12500000000003,286.4701,32.5,243.12500000000003,1.4247912e-05,1857,4
2.0,32.5,243.12500000000003,288.6435,32.5,243.12500000000003,4.441059e-06,1857,5
2.0,32.5,243.12500000000003,292.7925,32.5,243.12500000000003,6.515544e-07,1857,6
2.0,32.5,243.12500000000003,295.78656,32.5,243.12500000000003,4.914481e-07,1857,7
2.0,32.5,243.12500000000003,297.80405,32.5,243.12500000000003,5.0225367e-07,1857,8
2.0,32.5,243.12500000000003,299.4104,32.5,243.12500000000003,4.603268e-08,1857,9
2.0,32.5,243.12500000000003,293.22653,32.5,243.12500000000003,2.3633845e-06,1857,10
2.0,32.5,243.12500000000003,286.09622,32.5,243.12500000000003,9.264969e-07,1857,11
2.0,32.5,243.12500000000003,281.78845,32.5,243.12500000000003,3.477267e-05,1857,12
2.0,32.5,243.12500000000003,281.97665,32.5,243.12500000000003,2.9749606e-06,1858,1
2.0,32.5,243.12500000000003,282.4114,32.5,243.12500000000003,7.943788e-06,1858,2
2.0,32.5,243.12500000000003,284.9465,32.5,243.12500000000003,1.3140428e-05,1858,3
2.0,32.5,243.12500000000003,287.69858,32.5,243.12500000000003,3.2741273e-06,1858,4
2.0,32.5,243.12500000000003,289.25156,32.5,243.12500000000003,1.4976204e-06,1858,5
2.0,32.5,243.12500000000003,291.47202,32.5,243.12500000000003,7.4228063e-07,1858,6
2.0,32.5,243.12500000000003,297.18732,32.5,243.12500000000003,1.1164965e-07,1858,7
2.0,32.5,243.12500000000003,298.13553,32.5,243.12500000000003,2.470286e-08,1858,8
2.0,32.5,243.12500000000003,293.89224,32.5,243.12500000000003,5.0298368e-06,1858,9
2.0,32.5,243.12500000000003,291.8777,32.5,243.12500000000003,5.6040058e-06,1858,10
2.0,32.5,243.12500000000003,285.05447,32.5,243.12500000000003,1.4720551e-05,1858,11
2.0,32.5,243.12500000000003,284.6061,32.5,243.12500000000003,8.3794854e-05,1858,12
2.0,32.5,243.12500000000003,282.0796,32.5,243.12500000000003,7.998731e-06,1859,1
2.0,32.5,243.12500000000003,284.97452,32.5,243.12500000000003,3.390172e-05,1859,2
2.0,32.5,243.12500000000003,286.5963,32.5,243.12500000000003,3.4407367e-05,1859,3
2.0,32.5,243.12500000000003,288.1704,32.5,243.12500000000003,1.364362e-05,1859,4
2.0,32.5,243.12500000000003,287.49786,32.5,243.12500000000003,1.0724036e-05,1859,5
2.0,32.5,243.12500000000003,290.87097,32.5,243.12500000000003,2.1542853e-06,1859,6
2.0,32.5,243.12500000000003,297.6275,32.5,243.12500000000003,9.649171e-08,1859,7
2.0,32.5,243.12500000000003,298.56277,32.5,243.12500000000003,1.98299e-06,1859,8
2.0,32.5,243.12500000000003,296.61142,32.5,243.12500000000003,2.6699142e-06,1859,9
2.0,32.5,243.12500000000003,292.8555,32.5,243.12500000000003,2.0001818e-05,1859,10
2.0,32.5,243.12500000000003,285.5679,32.5,243.12500000000003,1.5051056e-05,1859,11
2.0,32.5,243.12500000000003,284.1542,32.5,243.12500000000003,8.080352e-06,1859,12
2.0,32.5,243.12500000000003,283.28043,32.5,243.12500000000003,4.787387e-06,1860,1
2.0,32.5,243.12500000000003,286.00223,32.5,243.12500000000003,1.707872e-05,1860,2
2.0,32.5,243.12500000000003,285.57108,32.5,243.12500000000003,3.878059e-05,1860,3
2.0,32.5,243.12500000000003,289.80838,32.5,243.12500000000003,4.5595125e-06,1860,4
2.0,32.5,243.12500000000003,289.98337,32.5,243.12500000000003,6.5138297e-06,1860,5
2.0,32.5,243.12500000000003,291.77475,32.5,243.12500000000003,2.1143369e-05,1860,6
2.0,32.5,243.12500000000003,297.55658,32.5,243.12500000000003,8.6287366e-07,1860,7
2.0,32.5,243.12500000000003,299.5707,32.5,243.12500000000003,2.0239011e-07,1860,8
2.0,32.5,243.12500000000003,297.8638,32.5,243.12500000000003,8.8734095e-07,1860,9
2.0,32.5,243.12500000000003,291.45148,32.5,243.12500000000003,7.27904e-07,1860,10
2.0,32.5,243.12500000000003,287.16263,32.5,243.12500000000003,2.1786858e-05,1860,11
2.0,32.5,243.12500000000003,281.0115,32.5,243.12500000000003,2.8271466e-05,1860,12
2.0,32.5,243.12500000000003,281.54297,32.5,243.12500000000003,2.4101506e-05,1861,1
2.0,32.5,243.12500000000003,283.06805,32.5,243.12500000000003,1.6561407e-05,1861,2
2.0,32.5,243.12500000000003,285.1208,32.5,243.12500000000003,1.335525e-05,1861,3
2.0,32.5,243.12500000000003,287.07108,32.5,243.12500000000003,7.498928e-06,1861,4
2.0,32.5,243.12500000000003,289.92874,32.5,243.12500000000003,1.6186431e-06,1861,5
2.0,32.5,243.12500000000003,292.0279,32.5,243.12500000000003,7.893785e-07,1861,6
2.0,32.5,243.12500000000003,296.04813,32.5,243.12500000000003,3.1122525e-07,1861,7
2.0,32.5,243.12500000000003,297.2614,32.5,243.12500000000003,7.833727e-08,1861,8
2.0,32.5,243.12500000000003,297.82687,32.5,243.12500000000003,1.6920707e-05,1861,9
2.0,32.5,243.12500000000003,292.87747,32.5,243.12500000000003,3.6374746e-07,1861,10
2.0,32.5,243.12500000000003,286.0901,32.5,243.12500000000003,8.394281e-08,1861,11
2.0,32.5,243.12500000000003,283.6072,32.5,243.12500000000003,2.2844557e-05,1861,12
2.0,32.5,243.12500000000003,283.49417,32.5,243.12500000000003,6.508524e-06,1862,1
2.0,32.5,243.12500000000003,282.73904,32.5,243.12500000000003,2.105272e-05,1862,2
2.0,32.5,243.12500000000003,286.47388,32.5,243.12500000000003,1.3118315e-05,1862,3
2.0,32.5,243.12500000000003,286.05417,32.5,243.12500000000003,2.3750468e-05,1862,4
2.0,32.5,243.12500000000003,288.52527,32.5,243.12500000000003,2.194132e-06,1862,5
2.0,32.5,243.12500000000003,291.0774,32.5,243.12500000000003,1.1187274e-06,1862,6
2.0,32.5,243.12500000000003,295.80273,32.5,243.12500000000003,5.284547e-07,1862,7
2.0,32.5,243.12500000000003,297.59277,32.5,243.12500000000003,1.18415976e-07,1862,8
2.0,32.5,243.12500000000003,295.8508,32.5,243.12500000000003,1.2508658e-06,1862,9
2.0,32.5,243.12500000000003,294.75476,32.5,243.12500000000003,6.229589e-08,1862,10
2.0,32.5,243.12500000000003,287.49268,32.5,243.12500000000003,4.665113e-05,1862,11
2.0,32.5,243.12500000000003,283.43018,32.5,243.12500000000003,3.153931e-05,1862,12
2.0,32.5,243.12500000000003,279.58524,32.5,243.12500000000003,5.098463e-06,1863,1
2.0,32.5,243.12500000000003,283.44928,32.5,243.12500000000003,7.8027915e-06,1863,2
2.0,32.5,243.12500000000003,284.56003,32.5,243.12500000000003,1.9071449e-05,1863,3
2.0,32.5,243.12500000000003,287.34912,32.5,243.12500000000003,6.7219994e-06,1863,4
2.0,32.5,243.12500000000003,289.69055,32.5,243.12500000000003,1.4745781e-06,1863,5
2.0,32.5,243.12500000000003,290.35117,32.5,243.12500000000003,1.6024233e-06,1863,6
2.0,32.5,243.12500000000003,294.93716,32.5,243.12500000000003,2.4846648e-07,1863,7
2.0,32.5,243.12500000000003,295.41284,32.5,243.12500000000003,1.32481155e-05,1863,8
2.0,32.5,243.12500000000003,297.86957,32.5,243.12500000000003,1.4119785e-06,1863,9
2.0,32.5,243.12500000000003,292.84924,32.5,243.12500000000003,4.3623217e-07,1863,10
2.0,32.5,243.12500000000003,287.98627,32.5,243.12500000000003,2.7090168e-06,1863,11
2.0,32.5,243.12500000000003,283.1576,32.5,243.12500000000003,1.5222464e-05,1863,12
2.0,32.5,243.12500000000003,280.4627,32.5,243.12500000000003,4.1630858e-05,1864,1
2.0,32.5,243.12500000000003,284.3626,32.5,243.12500000000003,8.865682e-06,1864,2
2.0,32.5,243.12500000000003,287.81992,32.5,243.12500000000003,5.951637e-06,1864,3
2.0,32.5,243.12500000000003,288.30038,32.5,243.12500000000003,1.5300042e-05,1864,4
2.0,32.5,243.12500000000003,290.19302,32.5,243.12500000000003,1.8747857e-06,1864,5
2.0,32.5,243.12500000000003,292.3,32.5,243.12500000000003,3.9669226e-07,1864,6
2.0,32.5,243.12500000000003,296.9304,32.5,243.12500000000003,1.9938524e-07,1864,7
2.0,32.5,243.12500000000003,298.0169,32.5,243.12500000000003,9.0618374e-07,1864,8
2.0,32.5,243.12500000000003,297.72275,32.5,243.12500000000003,3.131752e-06,1864,9
2.0,32.5,243.12500000000003,293.06274,32.5,243.12500000000003,1.4197353e-05,1864,10
2.0,32.5,243.12500000000003,287.65707,32.5,243.12500000000003,1.8530016e-05,1864,11
2.0,32.5,243.12500000000003,283.71393,32.5,243.12500000000003,2.3072966e-05,1864,12
2.0,32.5,243.12500000000003,281.98605,32.5,243.12500000000003,3.293755e-05,1865,1
2.0,32.5,243.12500000000003,286.43695,32.5,243.12500000000003,2.443243e-05,1865,2
2.0,32.5,243.12500000000003,286.92535,32.5,243.12500000000003,2.6109341e-05,1865,3
2.0,32.5,243.12500000000003,287.09753,32.5,243.12500000000003,3.078729e-05,1865,4
2.0,32.5,243.12500000000003,290.60135,32.5,243.12500000000003,1.0591938e-06,1865,5
2.0,32.5,243.12500000000003,291.3247,32.5,243.12500000000003,1.5451492e-06,1865,6
2.0,32.5,243.12500000000003,296.4676,32.5,243.12500000000003,3.9691307e-07,1865,7
2.0,32.5,243.12500000000003,298.28662,32.5,243.12500000000003,4.648091e-06,1865,8
2.0,32.5,243.12500000000003,296.1809,32.5,243.12500000000003,7.669005e-06,1865,9
2.0,32.5,243.12500000000003,295.668,32.5,243.12500000000003,1.6673512e-07,1865,10
2.0,32.5,243.12500000000003,287.11197,32.5,243.12500000000003,1.3504965e-06,1865,11
2.0,32.5,243.12500000000003,285.445,32.5,243.12500000000003,4.89651e-07,1865,12
2.0,32.5,243.12500000000003,284.84662,32.5,243.12500000000003,2.6557489e-05,1866,1
2.0,32.5,243.12500000000003,286.6253,32.5,243.12500000000003,9.147566e-06,1866,2
2.0,32.5,243.12500000000003,286.00525,32.5,243.12500000000003,9.379318e-06,1866,3
2.0,32.5,243.12500000000003,288.0024,32.5,243.12500000000003,1.2970529e-05,1866,4
2.0,32.5,243.12500000000003,288.61447,32.5,243.12500000000003,1.3609263e-05,1866,5
2.0,32.5,243.12500000000003,293.72867,32.5,243.12500000000003,3.0542532e-07,1866,6
2.0,32.5,243.12500000000003,295.19693,32.5,243.12500000000003,4.1255473e-07,1866,7
2.0,32.5,243.12500000000003,297.90872,32.5,243.12500000000003,1.9223127e-07,1866,8
2.0,32.5,243.12500000000003,296.05502,32.5,243.12500000000003,1.7541541e-06,1866,9
2.0,32.5,243.12500000000003,294.35834,32.5,243.12500000000003,1.7370783e-05,1866,10
2.0,32.5,243.12500000000003,285.22598,32.5,243.12500000000003,3.2350574e-06,1866,11
2.0,32.5,243.12500000000003,284.70422,32.5,243.12500000000003,1.0115615e-06,1866,12
2.0,32.5,243.12500000000003,284.10477,32.5,243.12500000000003,3.834426e-05,1867,1
2.0,32.5,243.12500000000003,285.22922,32.5,243.12500000000003,2.9735187e-05,1867,2
2.0,32.5,243.12500000000003,284.94238,32.5,243.12500000000003,3.3365795e-05,1867,3
2.0,32.5,243.12500000000003,286.66275,32.5,243.12500000000003,3.402871e-06,1867,4
2.0,32.5,243.12500000000003,289.09146,32.5,243.12500000000003,2.3712266e-06,1867,5
2.0,32.5,243.12500000000003,291.50824,32.5,243.12500000000003,9.413287e-07,1867,6
2.0,32.5,243.12500000000003,295.49344,32.5,243.12500000000003,5.0440224e-07,1867,7
2.0,32.5,243.12500000000003,297.46417,32.5,243.12500000000003,4.4527415e-08,1867,8
2.0,32.5,243.12500000000003,295.04453,32.5,243.12500000000003,7.574567e-07,1867,9
2.0,32.5,243.12500000000003,291.4693,32.5,243.12500000000003,8.2720146e-07,1867,10
2.0,32.5,243.12500000000003,286.86737,32.5,243.12500000000003,2.5350255e-07,1867,11
2.0,32.5,243.12500000000003,283.76712,32.5,243.12500000000003,9.00445e-06,1867,12
2.0,32.5,243.12500000000003,284.00723,32.5,243.12500000000003,1.7745411e-05,1868,1
2.0,32.5,243.12500000000003,286.04266,32.5,243.12500000000003,1.199085e-05,1868,2
2.0,32.5,243.12500000000003,284.36285,32.5,243.12500000000003,2.1386288e-05,1868,3
2.0,32.5,243.12500000000003,288.2485,32.5,243.12500000000003,1.2292518e-05,1868,4
2.0,32.5,243.12500000000003,290.15982,32.5,243.12500000000003,6.2879667e-06,1868,5
2.0,32.5,243.12500000000003,291.54605,32.5,243.12500000000003,7.5535564e-07,1868,6
2.0,32.5,243.12500000000003,297.56387,32.5,243.12500000000003,5.566148e-07,1868,7
2.0,32.5,243.12500000000003,299.0846,32.5,243.12500000000003,1.3151177e-06,1868,8
2.0,32.5,243.12500000000003,296.78357,32.5,243.12500000000003,2.4316325e-05,1868,9
2.0,32.5,243.12500000000003,295.57327,32.5,243.12500000000003,3.435302e-06,1868,10
2.0,32.5,243.12500000000003,286.17163,32.5,243.12500000000003,9.740457e-06,1868,11
2.0,32.5,243.12500000000003,285.4592,32.5,243.12500000000003,2.9009987e-05,1868,12
2.0,32.5,243.12500000000003,284.21677,32.5,243.12500000000003,7.1034997e-06,1869,1
2.0,32.5,243.12500000000003,286.2437,32.5,243.12500000000003,2.2037127e-06,1869,2
2.0,32.5,243.12500000000003,288.39954,32.5,243.12500000000003,2.5278873e-06,1869,3
2.0,32.5,243.12500000000003,288.34396,32.5,243.12500000000003,6.56408e-07,1869,4
2.0,32.5,243.12500000000003,289.17868,32.5,243.12500000000003,4.3153286e-06,1869,5
2.0,32.5,243.12500000000003,294.85428,32.5,243.12500000000003,4.4622576e-07,1869,6
2.0,32.5,243.12500000000003,296.75772,32.5,243.12500000000003,2.707228e-07,1869,7
2.0,32.5,243.12500000000003,297.6872,32.5,243.12500000000003,1.7307591e-05,1869,8
2.0,32.5,243.12500000000003,294.84985,32.5,243.12500000000003,6.3890448e-06,1869,9
2.0,32.5,243.12500000000003,291.10422,32.5,243.12500000000003,6.730321e-07,1869,10
2.0,32.5,243.12500000000003,286.66306,32.5,243.12500000000003,1.0736447e-05,1869,11
2.0,32.5,243.12500000000003,284.17096,32.5,243.12500000000003,2.706035e-05,1869,12
2.0,32.5,243.12500000000003,284.60312,32.5,243.12500000000003,3.8599457e-05,1870,1
2.0,32.5,243.12500000000003,283.54565,32.5,243.12500000000003,1.9284204e-05,1870,2
2.0,32.5,243.12500000000003,285.2653,32.5,243.12500000000003,1.16661095e-05,1870,3
2.0,32.5,243.12500000000003,287.73364,32.5,243.12500000000003,9.159343e-06,1870,4
2.0,32.5,243.12500000000003,289.93585,32.5,243.12500000000003,1.4615905e-06,1870,5
2.0,32.5,243.12500000000003,294.28867,32.5,243.12500000000003,7.633008e-07,1870,6
2.0,32.5,243.12500000000003,296.28525,32.5,243.12500000000003,2.0530867e-07,1870,7
2.0,32.5,243.12500000000003,298.0404,32.5,243.12500000000003,1.7183157e-06,1870,8
2.0,32.5,243.12500000000003,296.86496,32.5,243.12500000000003,4.560704e-05,1870,9
2.0,32.5,243.12500000000003,291.94858,32.5,243.12500000000003,2.4176434e-05,1870,10
2.0,32.5,243.12500000000003,285.78848,32.5,243.12500000000003,1.1068175e-05,1870,11
2.0,32.5,243.12500000000003,281.3711,32.5,243.12500000000003,1.5440266e-06,1870,12
2.0,32.5,243.12500000000003,285.18323,32.5,243.12500000000003,3.48409e-05,1871,1
2.0,32.5,243.12500000000003,285.5587,32.5,243.12500000000003,2.9463932e-05,1871,2
2.0,32.5,243.12500000000003,287.3084,32.5,243.12500000000003,1.8814344e-05,1871,3
2.0,32.5,243.12500000000003,287.3793,32.5,243.12500000000003,2.7860324e-05,1871,4
2.0,32.5,243.12500000000003,289.59073,32.5,243.12500000000003,2.6824575e-06,1871,5
2.0,32.5,243.12500000000003,292.38248,32.5,243.12500000000003,1.6699013e-06,1871,6
2.0,32.5,243.12500000000003,296.80157,32.5,243.12500000000003,4.3722744e-07,1871,7
2.0,32.5,243.12500000000003,296.5379,32.5,243.12500000000003,1.3197943e-06,1871,8
2.0,32.5,243.12500000000003,296.5164,32.5,243.12500000000003,2.3980792e-06,1871,9
2.0,32.5,243.12500000000003,293.77637,32.5,243.12500000000003,7.3111846e-07,1871,10
2.0,32.5,243.12500000000003,286.5358,32.5,243.12500000000003,9.2146565e-06,1871,11
2.0,32.5,243.12500000000003,283.54144,32.5,243.12500000000003,3.955519e-05,1871,12
2.0,32.5,243.12500000000003,282.77362,32.5,243.12500000000003,7.542162e-09,1872,1
2.0,32.5,243.12500000000003,286.53546,32.5,243.12500000000003,1.3656306e-05,1872,2
2.0,32.5,243.12500000000003,285.40045,32.5,243.12500000000003,1.5923128e-05,1872,3
2.0,32.5,243.12500000000003,288.07532,32.5,243.12500000000003,6.3238776e-06,1872,4
2.0,32.5,243.12500000000003,287.61465,32.5,243.12500000000003,1.8952911e-05,1872,5
2.0,32.5,243.12500000000003,292.05298,32.5,243.12500000000003,1.0064142e-06,1872,6
2.0,32.5,243.12500000000003,295.73615,32.5,243.12500000000003,2.6515775e-07,1872,7
2.0,32.5,243.12500000000003,296.97665,32.5,243.12500000000003,2.8680943e-06,1872,8
2.0,32.5,243.12500000000003,298.6448,32.5,243.12500000000003,5.820953e-07,1872,9
2.0,32.5,243.12500000000003,291.3267,32.5,243.12500000000003,8.363776e-07,1872,10
2.0,32.5,243.12500000000003,288.46295,32.5,243.12500000000003,1.1578574e-06,1872,11
2.0,32.5,243.12500000000003,283.07648,32.5,243.12500000000003,5.428274e-06,1872,12
2.0,32.5,243.12500000000003,283.14178,32.5,243.12500000000003,1.5566519e-06,1873,1
2.0,32.5,243.12500000000003,285.1266,32.5,243.12500000000003,1.3447573e-05,1873,2
2.0,32.5,243.12500000000003,286.7511,32.5,243.12500000000003,1.2352052e-05,1873,3
2.0,32.5,243.12500000000003,286.96585,32.5,243.12500000000003,6.279409e-06,1873,4
2.0,32.5,243.12500000000003,288.90134,32.5,243.12500000000003,1.2107865e-06,1873,5
2.0,32.5,243.12500000000003,293.2793,32.5,243.12500000000003,1.809846e-07,1873,6
2.0,32.5,243.12500000000003,295.9751,32.5,243.12500000000003,3.9659162e-07,1873,7
2.0,32.5,243.12500000000003,297.38132,32.5,243.12500000000003,5.885454e-07,1873,8
2.0,32.5,243.12500000000003,296.14267,32.5,243.12500000000003,4.5253236e-07,1873,9
2.0,32.5,243.12500000000003,289.9623,32.5,243.12500000000003,6.213991e-07,1873,10
2.0,32.5,243.12500000000003,286.65564,32.5,243.12500000000003,5.0163385e-06,1873,11
2.0,32.5,243.12500000000003,283.0386,32.5,243.12500000000003,1.7263235e-05,1873,12
2.0,32.5,243.12500000000003,282.22516,32.5,243.12500000000003,2.1147882e-06,1874,1
2.0,32.5,243.12500000000003,285.83908,32.5,243.12500000000003,1.2259381e-05,1874,2
2.0,32.5,243.12500000000003,286.7149,32.5,243.12500000000003,1.4810688e-06,1874,3
2.0,32.5,243.12500000000003,286.60147,32.5,243.12500000000003,2.2773664e-05,1874,4
2.0,32.5,243.12500000000003,289.1169,32.5,243.12500000000003,1.1853566e-05,1874,5
2.0,32.5,243.12500000000003,291.71164,32.5,243.12500000000003,9.211175e-07,1874,6
2.0,32.5,243.12500000000003,294.25546,32.5,243.12500000000003,4.64903e-07,1874,7
2.0,32.5,243.12500000000003,297.7413,32.5,243.12500000000003,1.6593792e-07,1874,8
2.0,32.5,243.12500000000003,293.9186,32.5,243.12500000000003,4.415135e-06,1874,9
2.0,32.5,243.12500000000003,291.1063,32.5,243.12500000000003,3.7811865e-06,1874,10
2.0,32.5,243.12500000000003,286.27747,32.5,243.12500000000003,1.5437384e-07,1874,11
2.0,32.5,243.12500000000003,281.92563,32.5,243.12500000000003,2.9508936e-05,1874,12
2.0,32.5,243.12500000000003,281.6664,32.5,243.12500000000003,3.2851992e-06,1875,1
2.0,32.5,243.12500000000003,286.7158,32.5,243.12500000000003,5.324066e-06,1875,2
2.0,32.5,243.12500000000003,287.50244,32.5,243.12500000000003,3.6973357e-05,1875,3
2.0,32.5,243.12500000000003,286.20032,32.5,243.12500000000003,5.6681606e-06,1875,4
2.0,32.5,243.12500000000003,289.4466,32.5,243.12500000000003,2.563042e-06,1875,5
2.0,32.5,243.12500000000003,292.35962,32.5,243.12500000000003,1.1146285e-06,1875,6
2.0,32.5,243.12500000000003,293.62476,32.5,243.12500000000003,6.292634e-07,1875,7
2.0,32.5,243.12500000000003,298.26715,32.5,243.12500000000003,2.2564008e-07,1875,8
2.0,32.5,243.12500000000003,296.10785,32.5,243.12500000000003,1.1033223e-05,1875,9
2.0,32.5,243.12500000000003,293.5966,32.5,243.12500000000003,2.6818905e-05,1875,10
2.0,32.5,243.12500000000003,286.2369,32.5,243.12500000000003,3.1178151e-06,1875,11
2.0,32.5,243.12500000000003,283.15283,32.5,243.12500000000003,9.602002e-06,1875,12
2.0,32.5,243.12500000000003,281.62814,32.5,243.12500000000003,8.321929e-06,1876,1
2.0,32.5,243.12500000000003,286.38995,32.5,243.12500000000003,9.315415e-06,1876,2
2.0,32.5,243.12500000000003,285.1163,32.5,243.12500000000003,1.30900125e-05,1876,3
2.0,32.5,243.12500000000003,287.9815,32.5,243.12500000000003,8.523847e-06,1876,4
2.0,32.5,243.12500000000003,288.0127,32.5,243.12500000000003,1.5269334e-06,1876,5
2.0,32.5,243.12500000000003,291.9965,32.5,243.12500000000003,5.3513145e-07,1876,6
2.0,32.5,243.12500000000003,296.5483,32.5,243.12500000000003,2.2465008e-07,1876,7
2.0,32.5,243.12500000000003,297.4664,32.5,243.12500000000003,9.374879e-08,1876,8
2.0,32.5,243.12500000000003,297.43494,32.5,243.12500000000003,5.513991e-05,1876,9
2.0,32.5,243.12500000000003,295.7353,32.5,243.12500000000003,1.8800089e-10,1876,10
2.0,32.5,243.12500000000003,289.39062,32.5,243.12500000000003,1.6431255e-05,1876,11
2.0,32.5,243.12500000000003,284.28836,32.5,243.12500000000003,4.3457985e-07,1876,12
2.0,32.5,243.12500000000003,286.3673,32.5,243.12500000000003,8.3583855e-06,1877,1
2.0,32.5,243.12500000000003,283.73837,32.5,243.12500000000003,1.6524209e-05,1877,2
2.0,32.5,243.12500000000003,286.7299,32.5,243.12500000000003,4.36207e-06,1877,3
2.0,32.5,243.12500000000003,287.92868,32.5,243.12500000000003,1.9833096e-06,1877,4
2.0,32.5,243.12500000000003,290.07175,32.5,243.12500000000003,9.95032e-07,1877,5
2.0,32.5,243.12500000000003,290.94763,32.5,243.12500000000003,1.2294685e-06,1877,6
2.0,32.5,243.12500000000003,295.94272,32.5,243.12500000000003,8.908435e-08,1877,7
2.0,32.5,243.12500000000003,298.14618,32.5,243.12500000000003,6.8218076e-10,1877,8
2.0,32.5,243.12500000000003,296.19617,32.5,243.12500000000003,2.0268143e-07,1877,9
2.0,32.5,243.12500000000003,292.63193,32.5,243.12500000000003,1.2635217e-06,1877,10
2.0,32.5,243.12500000000003,285.73837,32.5,243.12500000000003,1.0751756e-05,1877,11
2.0,32.5,243.12500000000003,282.8597,32.5,243.12500000000003,2.109688e-05,1877,12
2.0,32.5,243.12500000000003,280.6684,32.5,243.12500000000003,4.5577213e-05,1878,1
2.0,32.5,243.12500000000003,283.87552,32.5,243.12500000000003,4.8315247e-05,1878,2
2.0,32.5,243.12500000000003,286.7026,32.5,243.12500000000003,2.9795245e-05,1878,3
2.0,32.5,243.12500000000003,285.18243,32.5,243.12500000000003,1.2754216e-05,1878,4
2.0,32.5,243.12500000000003,287.06198,32.5,243.12500000000003,2.0537735e-05,1878,5
2.0,32.5,243.12500000000003,291.04028,32.5,243.12500000000003,4.933458e-06,1878,6
2.0,32.5,243.12500000000003,295.09174,32.5,243.12500000000003,4.0983204e-07,1878,7
2.0,32.5,243.12500000000003,296.8874,32.5,243.12500000000003,1.3114749e-07,1878,8
2.0,32.5,243.12500000000003,295.09985,32.5,243.12500000000003,1.8953182e-05,1878,9
2.0,32.5,243.12500000000003,291.25873,32.5,243.12500000000003,1.8349956e-06,1878,10
2.0,32.5,243.12500000000003,286.2552,32.5,243.12500000000003,1.7995131e-05,1878,11
2.0,32.5,243.12500000000003,283.26834,32.5,243.12500000000003,6.0533293e-05,1878,12
2.0,32.5,243.12500000000003,283.94788,32.5,243.12500000000003,3.8758375e-05,1879,1
2.0,32.5,243.12500000000003,284.13675,32.5,243.12500000000003,7.842296e-06,1879,2
2.0,32.5,243.12500000000003,287.04297,32.5,243.12500000000003,9.664544e-06,1879,3
2.0,32.5,243.12500000000003,285.83145,32.5,243.12500000000003,2.120766e-05,1879,4
2.0,32.5,243.12500000000003,289.65707,32.5,243.12500000000003,2.2518188e-06,1879,5
2.0,32.5,243.12500000000003,291.07654,32.5,243.12500000000003,9.1331486e-07,1879,6
2.0,32.5,243.12500000000003,297.02646,32.5,243.12500000000003,2.3751166e-07,1879,7
2.0,32.5,243.12500000000003,298.19476,32.5,243.12500000000003,1.406668e-07,1879,8
2.0,32.5,243.12500000000003,297.4639,32.5,243.12500000000003,5.763908e-07,1879,9
2.0,32.5,243.12500000000003,290.186,32.5,243.12500000000003,1.5683072e-05,1879,10
2.0,32.5,243.12500000000003,284.7691,32.5,243.12500000000003,2.7852271e-05,1879,11
2.0,32.5,243.12500000000003,283.13,32.5,243.12500000000003,1.5790822e-05,1879,12
2.0,32.5,243.12500000000003,281.34503,32.5,243.12500000000003,3.5668498e-05,1880,1
2.0,32.5,243.12500000000003,282.74927,32.5,243.12500000000003,1.0661193e-05,1880,2
2.0,32.5,243.12500000000003,285.43036,32.5,243.12500000000003,1.9300063e-05,1880,3
2.0,32.5,243.12500000000003,287.9592,32.5,243.12500000000003,1.1803933e-06,1880,4
2.0,32.5,243.12500000000003,288.52032,32.5,243.12500000000003,5.4462594e-06,1880,5
2.0,32.5,243.12500000000003,293.49994,32.5,243.12500000000003,4.2881507e-07,1880,6
2.0,32.5,243.12500000000003,294.8439,32.5,243.12500000000003,2.6990384e-07,1880,7
2.0,32.5,243.12500000000003,297.4015,32.5,243.12500000000003,2.422414e-07,1880,8
2.0,32.5,243.12500000000003,297.39468,32.5,243.12500000000003,3.4076913e-07,1880,9
2.0,32.5,243.12500000000003,293.8607,32.5,243.12500000000003,2.46209e-06,1880,10
2.0,32.5,243.12500000000003,287.07907,32.5,243.12500000000003,1.938591e-05,1880,11
2.0,32.5,243.12500000000003,283.5992,32.5,243.12500000000003,4.285908e-06,1880,12
2.0,32.5,243.12500000000003,283.96738,32.5,243.12500000000003,7.953338e-06,1881,1
2.0,32.5,243.12500000000003,283.71817,32.5,243.12500000000003,1.6206606e-05,1881,2
2.0,32.5,243.12500000000003,286.19122,32.5,243.12500000000003,1.5784111e-05,1881,3
2.0,32.5,243.12500000000003,286.3193,32.5,243.12500000000003,1.6615251e-05,1881,4
2.0,32.5,243.12500000000003,291.23965,32.5,243.12500000000003,3.9830725e-06,1881,5
2.0,32.5,243.12500000000003,292.10754,32.5,243.12500000000003,8.556766e-07,1881,6
2.0,32.5,243.12500000000003,294.65182,32.5,243.12500000000003,6.119086e-07,1881,7
2.0,32.5,243.12500000000003,295.38782,32.5,243.12500000000003,9.777787e-06,1881,8
2.0,32.5,243.12500000000003,295.17618,32.5,243.12500000000003,5.799541e-07,1881,9
2.0,32.5,243.12500000000003,292.56494,32.5,243.12500000000003,9.718813e-06,1881,10
2.0,32.5,243.12500000000003,286.04587,32.5,243.12500000000003,1.1353064e-05,1881,11
2.0,32.5,243.12500000000003,284.5283,32.5,243.12500000000003,1.2930705e-05,1881,12
2.0,32.5,243.12500000000003,284.01126,32.5,243.12500000000003,2.544993e-06,1882,1
2.0,32.5,243.12500000000003,285.0101,32.5,243.12500000000003,3.6513886e-06,1882,2
2.0,32.5,243.12500000000003,288.7509,32.5,243.12500000000003,6.263283e-08,1882,3
2.0,32.5,243.12500000000003,289.49344,32.5,243.12500000000003,3.351905e-06,1882,4
2.0,32.5,243.12500000000003,288.9388,32.5,243.12500000000003,2.531689e-06,1882,5
2.0,32.5,243.12500000000003,292.08325,32.5,243.12500000000003,2.0247019e-06,1882,6
2.0,32.5,243.12500000000003,295.4305,32.5,243.12500000000003,2.4536075e-07,1882,7
2.0,32.5,243.12500000000003,298.6484,32.5,243.12500000000003,1.4783061e-06,1882,8
2.0,32.5,243.12500000000003,295.53027,32.5,243.12500000000003,5.804063e-07,1882,9
2.0,32.5,243.12500000000003,293.49393,32.5,243.12500000000003,7.4017896e-07,1882,10
2.0,32.5,243.12500000000003,287.7171,32.5,243.12500000000003,2.6411542e-06,1882,11
2.0,32.5,243.12500000000003,283.81808,32.5,243.12500000000003,6.816347e-06,1882,12
2.0,32.5,243.12500000000003,284.14954,32.5,243.12500000000003,1.5273372e-05,1883,1
2.0,32.5,243.12500000000003,285.32147,32.5,243.12500000000003,1.0974443e-05,1883,2
2.0,32.5,243.12500000000003,285.52798,32.5,243.12500000000003,2.2607687e-06,1883,3
2.0,32.5,243.12500000000003,285.93774,32.5,243.12500000000003,3.3513431e-06,1883,4
2.0,32.5,243.12500000000003,288.82968,32.5,243.12500000000003,6.7977555e-07,1883,5
2.0,32.5,243.12500000000003,291.29846,32.5,243.12500000000003,1.5052956e-06,1883,6
2.0,32.5,243.12500000000003,295.5181,32.5,243.12500000000003,5.30849e-07,1883,7
2.0,32.5,243.12500000000003,297.74356,32.5,243.12500000000003,4.3889347e-08,1883,8
2.0,32.5,243.12500000000003,296.37186,32.5,243.12500000000003,1.7870492e-05,1883,9
2.0,32.5,243.12500000000003,291.28546,32.5,243.12500000000003,7.76758e-07,1883,10
2.0,32.5,243.12500000000003,286.3231,32.5,243.12500000000003,4.500211e-06,1883,11
2.0,32.5,243.12500000000003,281.0893,32.5,243.12500000000003,1.0316866e-05,1883,12
2.0,32.5,243.12500000000003,281.6388,32.5,243.12500000000003,2.5204248e-05,1884,1
2.0,32.5,243.12500000000003,282.3945,32.5,243.12500000000003,2.4425513e-05,1884,2
2.0,32.5,243.12500000000003,285.42004,32.5,243.12500000000003,1.3870963e-05,1884,3
2.0,32.5,243.12500000000003,287.47488,32.5,243.12500000000003,2.5231836e-06,1884,4
2.0,32.5,243.12500000000003,289.03793,32.5,243.12500000000003,9.038797e-06,1884,5
2.0,32.5,243.12500000000003,291.7843,32.5,243.12500000000003,2.27656e-06,1884,6
2.0,32.5,243.12500000000003,295.6245,32.5,243.12500000000003,6.368753e-07,1884,7
2.0,32.5,243.12500000000003,298.0515,32.5,243.12500000000003,3.8899593e-06,1884,8
2.0,32.5,243.12500000000003,295.10236,32.5,243.12500000000003,1.1410119e-06,1884,9
2.0,32.5,243.12500000000003,291.0942,32.5,243.12500000000003,6.8265945e-07,1884,10
2.0,32.5,243.12500000000003,285.0885,32.5,243.12500000000003,1.6940361e-05,1884,11
2.0,32.5,243.12500000000003,281.4711,32.5,243.12500000000003,1.06288e-06,1884,12
2.0,32.5,243.12500000000003,281.4465,32.5,243.12500000000003,2.2712925e-06,1885,1
2.0,32.5,243.12500000000003,285.85406,32.5,243.12500000000003,7.031e-06,1885,2
2.0,32.5,243.12500000000003,284.50726,32.5,243.12500000000003,2.3775981e-05,1885,3
2.0,32.5,243.12500000000003,284.61786,32.5,243.12500000000003,1.9093059e-05,1885,4
2.0,32.5,243.12500000000003,288.55652,32.5,243.12500000000003,2.4486483e-06,1885,5
2.0,32.5,243.12500000000003,292.6486,32.5,243.12500000000003,4.4184804e-07,1885,6
2.0,32.5,243.12500000000003,295.8449,32.5,243.12500000000003,1.5909563e-07,1885,7
2.0,32.5,243.12500000000003,296.4501,32.5,243.12500000000003,8.296532e-10,1885,8
2.0,32.5,243.12500000000003,294.67822,32.5,243.12500000000003,2.082669e-07,1885,9
2.0,32.5,243.12500000000003,289.02258,32.5,243.12500000000003,1.6192214e-05,1885,10
2.0,32.5,243.12500000000003,286.20682,32.5,243.12500000000003,7.765641e-06,1885,11
2.0,32.5,243.12500000000003,281.63266,32.5,243.12500000000003,1.1306303e-05,1885,12
2.0,32.5,243.12500000000003,283.73193,32.5,243.12500000000003,8.024425e-06,1886,1
2.0,32.5,243.12500000000003,284.1457,32.5,243.12500000000003,5.5896044e-06,1886,2
2.0,32.5,243.12500000000003,286.51624,32.5,243.12500000000003,1.0853198e-06,1886,3
2.0,32.5,243.12500000000003,289.63477,32.5,243.12500000000003,3.5632168e-06,1886,4
2.0,32.5,243.12500000000003,289.35645,32.5,243.12500000000003,9.743814e-07,1886,5
2.0,32.5,243.12500000000003,294.85074,32.5,243.12500000000003,4.6193492e-07,1886,6
2.0,32.5,243.12500000000003,294.33554,32.5,243.12500000000003,4.0275384e-07,1886,7
2.0,32.5,243.12500000000003,297.69678,32.5,243.12500000000003,3.0741603e-07,1886,8
2.0,32.5,243.12500000000003,293.67267,32.5,243.12500000000003,8.719282e-07,1886,9
2.0,32.5,243.12500000000003,290.34897,32.5,243.12500000000003,1.2601797e-05,1886,10
2.0,32.5,243.12500000000003,286.6386,32.5,243.12500000000003,1.5826294e-05,1886,11
2.0,32.5,243.12500000000003,285.38647,32.5,243.12500000000003,1.0469507e-06,1886,12
2.0,32.5,243.12500000000003,286.70258,32.5,243.12500000000003,2.9444814e-06,1887,1
2.0,32.5,243.12500000000003,286.03943,32.5,243.12500000000003,3.9277e-06,1887,2
2.0,32.5,243.12500000000003,287.06906,32.5,243.12500000000003,2.1763994e-05,1887,3
2.0,32.5,243.12500000000003,289.12485,32.5,243.12500000000003,5.5931573e-06,1887,4
2.0,32.5,243.12500000000003,290.29706,32.5,243.12500000000003,2.4085753e-06,1887,5
2.0,32.5,243.12500000000003,292.18088,32.5,243.12500000000003,1.5514173e-06,1887,6
2.0,32.5,243.12500000000003,295.19122,32.5,243.12500000000003,1.1376578e-07,1887,7
2.0,32.5,243.12500000000003,297.7781,32.5,243.12500000000003,1.4872894e-06,1887,8
2.0,32.5,243.12500000000003,294.85168,32.5,243.12500000000003,1.2979905e-07,1887,9
2.0,32.5,243.12500000000003,291.84433,32.5,243.12500000000003,1.4695089e-05,1887,10
2.0,32.5,243.12500000000003,287.6608,32.5,243.12500000000003,1.1323859e-05,1887,11
2.0,32.5,243.12500000000003,285.30084,32.5,243.12500000000003,1.1745647e-05,1887,12
2.0,32.5,243.12500000000003,284.28583,32.5,243.12500000000003,4.552079e-05,1888,1
2.0,32.5,243.12500000000003,284.96106,32.5,243.12500000000003,5.0372887e-06,1888,2
2.0,32.5,243.12500000000003,286.40292,32.5,243.12500000000003,1.0339859e-05,1888,3
2.0,32.5,243.12500000000003,286.82077,32.5,243.12500000000003,2.0076799e-05,1888,4
2.0,32.5,243.12500000000003,290.44672,32.5,243.12500000000003,1.6339113e-06,1888,5
2.0,32.5,243.12500000000003,293.167,32.5,243.12500000000003,8.8366994e-07,1888,6
2.0,32.5,243.12500000000003,297.21774,32.5,243.12500000000003,7.6004466e-07,1888,7
2.0,32.5,243.12500000000003,298.0093,32.5,243.12500000000003,7.326742e-08,1888,8
2.0,32.5,243.12500000000003,298.27963,32.5,243.12500000000003,1.2811486e-06,1888,9
2.0,32.5,243.12500000000003,291.3047,32.5,243.12500000000003,1.1855335e-05,1888,10
2.0,32.5,243.12500000000003,287.62958,32.5,243.12500000000003,2.3452285e-05,1888,11
2.0,32.5,243.12500000000003,282.85144,32.5,243.12500000000003,4.79055e-06,1888,12
2.0,32.5,243.12500000000003,284.80566,32.5,243.12500000000003,1.9774894e-05,1889,1
2.0,32.5,243.12500000000003,286.48462,32.5,243.12500000000003,4.6906443e-06,1889,2
2.0,32.5,243.12500000000003,283.8722,32.5,243.12500000000003,6.334123e-05,1889,3
2.0,32.5,243.12500000000003,288.74707,32.5,243.12500000000003,8.392538e-07,1889,4
2.0,32.5,243.12500000000003,289.03928,32.5,243.12500000000003,2.2392585e-06,1889,5
2.0,32.5,243.12500000000003,292.82852,32.5,243.12500000000003,1.010916e-06,1889,6
2.0,32.5,243.12500000000003,295.7619,32.5,243.12500000000003,3.7240213e-07,1889,7
2.0,32.5,243.12500000000003,298.60373,32.5,243.12500000000003,2.147382e-07,1889,8
2.0,32.5,243.12500000000003,296.57568,32.5,243.12500000000003,1.16311385e-05,1889,9
2.0,32.5,243.12500000000003,292.45007,32.5,243.12500000000003,3.241555e-05,1889,10
2.0,32.5,243.12500000000003,285.97473,32.5,243.12500000000003,1.5788677e-05,1889,11
2.0,32.5,243.12500000000003,282.07812,32.5,243.12500000000003,4.7787366e-06,1889,12
2.0,32.5,243.12500000000003,285.06628,32.5,243.12500000000003,2.7127764e-05,1890,1
2.0,32.5,243.12500000000003,285.19214,32.5,243.12500000000003,1.1673196e-06,1890,2
2.0,32.5,243.12500000000003,287.11203,32.5,243.12500000000003,1.3797464e-05,1890,3
2.0,32.5,243.12500000000003,287.97226,32.5,243.12500000000003,1.1344336e-05,1890,4
2.0,32.5,243.12500000000003,289.25464,32.5,243.12500000000003,4.254832e-06,1890,5
2.0,32.5,243.12500000000003,292.644,32.5,243.12500000000003,1.6666542e-06,1890,6
2.0,32.5,243.12500000000003,295.66217,32.5,243.12500000000003,3.855636e-07,1890,7
2.0,32.5,243.12500000000003,297.46387,32.5,243.12500000000003,2.0380833e-07,1890,8
2.0,32.5,243.12500000000003,297.83582,32.5,243.12500000000003,4.4888175e-06,1890,9
2.0,32.5,243.12500000000003,290.17776,32.5,243.12500000000003,4.4072567e-06,1890,10
2.0,32.5,243.12500000000003,286.9621,32.5,243.12500000000003,1.7060933e-05,1890,11
2.0,32.5,243.12500000000003,283.09106,32.5,243.12500000000003,5.0909297e-05,1890,12
2.0,32.5,243.12500000000003,282.47153,32.5,243.12500000000003,9.734724e-06,1891,1
2.0,32.5,243.12500000000003,284.84344,32.5,243.12500000000003,1.259386e-07,1891,2
2.0,32.5,243.12500000000003,283.54703,32.5,243.12500000000003,3.3324355e-05,1891,3
2.0,32.5,243.12500000000003,287.85843,32.5,243.12500000000003,5.6789736e-06,1891,4
2.0,32.5,243.12500000000003,291.43994,32.5,243.12500000000003,5.3909207e-07,1891,5
2.0,32.5,243.12500000000003,293.9446,32.5,243.12500000000003,2.7068282e-07,1891,6
2.0,32.5,243.12500000000003,295.82083,32.5,243.12500000000003,2.1228454e-05,1891,7
2.0,32.5,243.12500000000003,297.69504,32.5,243.12500000000003,1.9742272e-06,1891,8
2.0,32.5,243.12500000000003,296.06876,32.5,243.12500000000003,3.1485303e-07,1891,9
2.0,32.5,243.12500000000003,295.2516,32.5,243.12500000000003,1.2310034e-06,1891,10
2.0,32.5,243.12500000000003,289.9661,32.5,243.12500000000003,3.3829954e-07,1891,11
2.0,32.5,243.12500000000003,284.3186,32.5,243.12500000000003,1.7711523e-05,1891,12
2.0,32.5,243.12500000000003,284.14255,32.5,243.12500000000003,1.6638991e-05,1892,1
2.0,32.5,243.12500000000003,283.44168,32.5,243.12500000000003,4.4533637e-05,1892,2
2.0,32.5,243.12500000000003,287.22705,32.5,243.12500000000003,8.302437e-06,1892,3
2.0,32.5,243.12500000000003,288.13983,32.5,243.12500000000003,2.5232225e-06,1892,4
2.0,32.5,243.12500000000003,289.86636,32.5,243.12500000000003,1.341736e-06,1892,5
2.0,32.5,243.12500000000003,290.47394,32.5,243.12500000000003,7.31188e-07,1892,6
2.0,32.5,243.12500000000003,294.3312,32.5,243.12500000000003,7.99291e-07,1892,7
2.0,32.5,243.12500000000003,296.94962,32.5,243.12500000000003,1.8234445e-05,1892,8
2.0,32.5,243.12500000000003,295.7408,32.5,243.12500000000003,1.7589161e-06,1892,9
2.0,32.5,243.12500000000003,291.7558,32.5,243.12500000000003,1.0376569e-05,1892,10
2.0,32.5,243.12500000000003,286.45508,32.5,243.12500000000003,2.3067152e-05,1892,11
2.0,32.5,243.12500000000003,284.0058,32.5,243.12500000000003,2.0739915e-05,1892,12
2.0,32.5,243.12500000000003,281.22687,32.5,243.12500000000003,2.1046892e-05,1893,1
2.0,32.5,243.12500000000003,287.04428,32.5,243.12500000000003,7.3406375e-07,1893,2
2.0,32.5,243.12500000000003,285.88962,32.5,243.12500000000003,4.8904876e-05,1893,3
2.0,32.5,243.12500000000003,285.8811,32.5,243.12500000000003,1.9596806e-05,1893,4
2.0,32.5,243.12500000000003,290.22116,32.5,243.12500000000003,1.1735623e-05,1893,5
2.0,32.5,243.12500000000003,292.1096,32.5,243.12500000000003,6.7977396e-07,1893,6
2.0,32.5,243.12500000000003,295.45206,32.5,243.12500000000003,3.07605e-07,1893,7
2.0,32.5,243.12500000000003,298.4405,32.5,243.12500000000003,1.6230324e-07,1893,8
2.0,32.5,243.12500000000003,297.89517,32.5,243.12500000000003,1.5906732e-06,1893,9
2.0,32.5,243.12500000000003,289.7734,32.5,243.12500000000003,9.398084e-06,1893,10
2.0,32.5,243.12500000000003,285.56293,32.5,243.12500000000003,2.0858993e-06,1893,11
2.0,32.5,243.12500000000003,283.75085,32.5,243.12500000000003,5.8042065e-06,1893,12
2.0,32.5,243.12500000000003,284.91226,32.5,243.12500000000003,1.6324328e-05,1894,1
2.0,32.5,243.12500000000003,288.9133,32.5,243.12500000000003,7.2019226e-08,1894,2
2.0,32.5,243.12500000000003,284.91324,32.5,243.12500000000003,3.0846724e-05,1894,3
2.0,32.5,243.12500000000003,289.75244,32.5,243.12500000000003,2.0031543e-07,1894,4
2.0,32.5,243.12500000000003,289.61966,32.5,243.12500000000003,2.9567486e-06,1894,5
2.0,32.5,243.12500000000003,293.76523,32.5,243.12500000000003,4.6669047e-07,1894,6
2.0,32.5,243.12500000000003,298.61588,32.5,243.12500000000003,9.960034e-08,1894,7
2.0,32.5,243.12500000000003,296.9773,32.5,243.12500000000003,1.4722882e-07,1894,8
2.0,32.5,243.12500000000003,297.05356,32.5,243.12500000000003,6.423892e-08,1894,9
2.0,32.5,243.12500000000003,293.60693,32.5,243.12500000000003,1.2253535e-06,1894,10
2.0,32.5,243.12500000000003,286.43588,32.5,243.12500000000003,1.6980346e-05,1894,11
2.0,32.5,243.12500000000003,282.74554,32.5,243.12500000000003,2.9978493e-05,1894,12
2.0,32.5,243.12500000000003,284.3307,32.5,243.12500000000003,2.6874488e-07,1895,1
2.0,32.5,243.12500000000003,286.33203,32.5,243.12500000000003,2.6076968e-05,1895,2
2.0,32.5,243.12500000000003,285.4229,32.5,243.12500000000003,2.3610599e-05,1895,3
2.0,32.5,243.12500000000003,287.7094,32.5,243.12500000000003,1.1848727e-05,1895,4
2.0,32.5,243.12500000000003,288.3095,32.5,243.12500000000003,4.740975e-06,1895,5
2.0,32.5,243.12500000000003,291.12836,32.5,243.12500000000003,1.7394447e-06,1895,6
2.0,32.5,243.12500000000003,296.0122,32.5,243.12500000000003,3.1880552e-07,1895,7
2.0,32.5,243.12500000000003,298.43192,32.5,243.12500000000003,4.2504598e-07,1895,8
2.0,32.5,243.12500000000003,297.11096,32.5,243.12500000000003,8.229531e-07,1895,9
2.0,32.5,243.12500000000003,291.47122,32.5,243.12500000000003,3.2797107e-06,1895,10
2.0,32.5,243.12500000000003,285.57864,32.5,243.12500000000003,1.5192459e-06,1895,11
2.0,32.5,243.12500000000003,284.26523,32.5,243.12500000000003,1.6240509e-05,1895,12
2.0,32.5,243.12500000000003,282.08997,32.5,243.12500000000003,2.9427452e-05,1896,1
2.0,32.5,243.12500000000003,284.43213,32.5,243.12500000000003,2.5616744e-05,1896,2
2.0,32.5,243.12500000000003,285.65308,32.5,243.12500000000003,2.3909179e-05,1896,3
2.0,32.5,243.12500000000003,287.11688,32.5,243.12500000000003,5.132509e-06,1896,4
2.0,32.5,243.12500000000003,288.68518,32.5,243.12500000000003,4.532993e-06,1896,5
2.0,32.5,243.12500000000003,291.88013,32.5,243.12500000000003,1.5171911e-06,1896,6
2.0,32.5,243.12500000000003,295.53665,32.5,243.12500000000003,4.3313858e-07,1896,7
2.0,32.5,243.12500000000003,296.88687,32.5,243.12500000000003,1.3584474e-07,1896,8
2.0,32.5,243.12500000000003,295.52692,32.5,243.12500000000003,9.843273e-08,1896,9
2.0,32.5,243.12500000000003,291.03723,32.5,243.12500000000003,1.9080096e-06,1896,10
2.0,32.5,243.12500000000003,287.00757,32.5,243.12500000000003,1.296087e-05,1896,11
2.0,32.5,243.12500000000003,284.23288,32.5,243.12500000000003,7.040964e-05,1896,12
2.0,32.5,243.12500000000003,280.29935,32.5,243.12500000000003,4.52487e-06,1897,1
2.0,32.5,243.12500000000003,283.9533,32.5,243.12500000000003,5.4210297e-05,1897,2
2.0,32.5,243.12500000000003,284.4008,32.5,243.12500000000003,1.967153e-05,1897,3
2.0,32.5,243.12500000000003,287.04437,32.5,243.12500000000003,3.6761323e-06,1897,4
2.0,32.5,243.12500000000003,289.99194,32.5,243.12500000000003,7.2071595e-07,1897,5
2.0,32.5,243.12500000000003,291.7172,32.5,243.12500000000003,6.367215e-07,1897,6
2.0,32.5,243.12500000000003,296.95593,32.5,243.12500000000003,3.6130243e-07,1897,7
2.0,32.5,243.12500000000003,297.71985,32.5,243.12500000000003,4.5367088e-08,1897,8
2.0,32.5,243.12500000000003,294.82993,32.5,243.12500000000003,2.7612343e-06,1897,9
2.0,32.5,243.12500000000003,293.05746,32.5,243.12500000000003,2.0487107e-05,1897,10
2.0,32.5,243.12500000000003,285.97656,32.5,243.12500000000003,2.8090826e-06,1897,11
2.0,32.5,243.12500000000003,282.65384,32.5,243.12500000000003,2.8792272e-05,1897,12
2.0,32.5,243.12500000000003,282.8447,32.5,243.12500000000003,6.4056644e-06,1898,1
2.0,32.5,243.12500000000003,285.05505,32.5,243.12500000000003,2.540839e-07,1898,2
2.0,32.5,243.12500000000003,288.41132,32.5,243.12500000000003,5.100324e-07,1898,3
2.0,32.5,243.12500000000003,289.53162,32.5,243.12500000000003,1.2025096e-06,1898,4
2.0,32.5,243.12500000000003,290.73688,32.5,243.12500000000003,2.7622843e-06,1898,5
2.0,32.5,243.12500000000003,292.227,32.5,243.12500000000003,3.044702e-07,1898,6
2.0,32.5,243.12500000000003,298.62308,32.5,243.12500000000003,9.578129e-07,1898,7
2.0,32.5,243.12500000000003,297.86642,32.5,243.12500000000003,3.537449e-07,1898,8
2.0,32.5,243.12500000000003,294.8601,32.5,243.12500000000003,1.840618e-05,1898,9
2.0,32.5,243.12500000000003,291.57715,32.5,243.12500000000003,8.502907e-06,1898,10
2.0,32.5,243.12500000000003,288.2943,32.5,243.12500000000003,5.7204705e-08,1898,11
2.0,32.5,243.12500000000003,284.04083,32.5,243.12500000000003,7.233271e-06,1898,12
2.0,32.5,243.12500000000003,284.72864,32.5,243.12500000000003,9.69514e-06,1899,1
2.0,32.5,243.12500000000003,283.5444,32.5,243.12500000000003,1.7487027e-05,1899,2
2.0,32.5,243.12500000000003,284.87894,32.5,243.12500000000003,9.63613e-06,1899,3
2.0,32.5,243.12500000000003,287.32462,32.5,243.12500000000003,1.1357163e-05,1899,4
2.0,32.5,243.12500000000003,291.35782,32.5,243.12500000000003,7.2591484e-07,1899,5
2.0,32.5,243.12500000000003,293.7554,32.5,243.12500000000003,9.894826e-07,1899,6
2.0,32.5,243.12500000000003,295.43637,32.5,243.12500000000003,7.2176796e-08,1899,7
2.0,32.5,243.12500000000003,296.2737,32.5,243.12500000000003,1.8666341e-07,1899,8
2.0,32.5,243.12500000000003,294.69604,32.5,243.12500000000003,4.199976e-06,1899,9
2.0,32.5,243.12500000000003,292.14572,32.5,243.12500000000003,1.5732207e-05,1899,10
2.0,32.5,243.12500000000003,287.3886,32.5,243.12500000000003,1.6843556e-05,1899,11
2.0,32.5,243.12500000000003,283.41888,32.5,243.12500000000003,8.990204e-06,1899,12
2.0,32.5,243.12500000000003,284.98373,32.5,243.12500000000003,5.026479e-05,1900,1
2.0,32.5,243.12500000000003,284.3832,32.5,243.12500000000003,4.8996433e-05,1900,2
2.0,32.5,243.12500000000003,285.37524,32.5,243.12500000000003,7.481936e-05,1900,3
2.0,32.5,243.12500000000003,287.89615,32.5,243.12500000000003,3.91211e-06,1900,4
2.0,32.5,243.12500000000003,288.64117,32.5,243.12500000000003,2.5629683e-05,1900,5
2.0,32.5,243.12500000000003,292.394,32.5,243.12500000000003,1.2681307e-06,1900,6
2.0,32.5,243.12500000000003,296.36877,32.5,243.12500000000003,1.1108133e-06,1900,7
2.0,32.5,243.12500000000003,298.76804,32.5,243.12500000000003,3.0452022e-06,1900,8
2.0,32.5,243.12500000000003,297.4915,32.5,243.12500000000003,1.5134008e-08,1900,9
2.0,32.5,243.12500000000003,293.5175,32.5,243.12500000000003,7.136931e-06,1900,10
2.0,32.5,243.12500000000003,286.43173,32.5,243.12500000000003,2.7308732e-05,1900,11
2.0,32.5,243.12500000000003,284.38,32.5,243.12500000000003,3.4265454e-06,1900,12
2.0,32.5,243.12500000000003,285.27908,32.5,243.12500000000003,4.394045e-06,1901,1
2.0,32.5,243.12500000000003,288.30182,32.5,243.12500000000003,2.3716468e-06,1901,2
2.0,32.5,243.12500000000003,285.87802,32.5,243.12500000000003,2.037073e-05,1901,3
2.0,32.5,243.12500000000003,285.71042,32.5,243.12500000000003,2.6231406e-05,1901,4
2.0,32.5,243.12500000000003,291.60757,32.5,243.12500000000003,5.3088075e-07,1901,5
2.0,32.5,243.12500000000003,291.00586,32.5,243.12500000000003,2.0961684e-06,1901,6
2.0,32.5,243.12500000000003,295.50287,32.5,243.12500000000003,3.549223e-07,1901,7
2.0,32.5,243.12500000000003,299.02896,32.5,243.12500000000003,1.6464837e-06,1901,8
2.0,32.5,243.12500000000003,300.32538,32.5,243.12500000000003,1.6228881e-07,1901,9
2.0,32.5,243.12500000000003,293.7249,32.5,243.12500000000003,1.4192769e-05,1901,10
2.0,32.5,243.12500000000003,288.25113,32.5,243.12500000000003,9.2508463e-07,1901,11
2.0,32.5,243.12500000000003,283.08408,32.5,243.12500000000003,1.7353788e-05,1901,12
2.0,32.5,243.12500000000003,280.88205,32.5,243.12500000000003,8.676463e-06,1902,1
2.0,32.5,243.12500000000003,286.248,32.5,243.12500000000003,4.4156714e-06,1902,2
2.0,32.5,243.12500000000003,286.49838,32.5,243.12500000000003,1.8670065e-05,1902,3
2.0,32.5,243.12500000000003,287.96857,32.5,243.12500000000003,3.6576378e-06,1902,4
2.0,32.5,243.12500000000003,290.98718,32.5,243.12500000000003,9.0564095e-07,1902,5
2.0,32.5,243.12500000000003,292.1477,32.5,243.12500000000003,1.3743469e-05,1902,6
2.0,32.5,243.12500000000003,297.1517,32.5,243.12500000000003,7.527467e-08,1902,7
2.0,32.5,243.12500000000003,298.24738,32.5,243.12500000000003,1.2884959e-07,1902,8
2.0,32.5,243.12500000000003,297.32797,32.5,243.12500000000003,3.4109576e-06,1902,9
2.0,32.5,243.12500000000003,291.43777,32.5,243.12500000000003,2.638135e-06,1902,10
2.0,32.5,243.12500000000003,285.852,32.5,243.12500000000003,6.499609e-06,1902,11
2.0,32.5,243.12500000000003,281.9543,32.5,243.12500000000003,2.2189358e-06,1902,12
2.0,32.5,243.12500000000003,283.7279,32.5,243.12500000000003,2.1112524e-05,1903,1
2.0,32.5,243.12500000000003,281.89078,32.5,243.12500000000003,3.2885288e-05,1903,2
2.0,32.5,243.12500000000003,286.33032,32.5,243.12500000000003,2.0305484e-05,1903,3
2.0,32.5,243.12500000000003,290.66907,32.5,243.12500000000003,1.2893844e-06,1903,4
2.0,32.5,243.12500000000003,289.21307,32.5,243.12500000000003,5.2994087e-06,1903,5
2.0,32.5,243.12500000000003,291.98264,32.5,243.12500000000003,1.6138891e-06,1903,6
2.0,32.5,243.12500000000003,295.26935,32.5,243.12500000000003,2.6703077e-07,1903,7
2.0,32.5,243.12500000000003,295.86304,32.5,243.12500000000003,2.0384697e-07,1903,8
2.0,32.5,243.12500000000003,296.74487,32.5,243.12500000000003,1.0273226e-05,1903,9
2.0,32.5,243.12500000000003,290.72623,32.5,243.12500000000003,8.9904e-06,1903,10
2.0,32.5,243.12500000000003,285.77875,32.5,243.12500000000003,9.36606e-09,1903,11
2.0,32.5,243.12500000000003,280.93634,32.5,243.12500000000003,6.1401697e-06,1903,12
2.0,32.5,243.12500000000003,284.50098,32.5,243.12500000000003,1.43624575e-05,1904,1
2.0,32.5,243.12500000000003,285.36993,32.5,243.12500000000003,8.2743354e-05,1904,2
2.0,32.5,243.12500000000003,286.25858,32.5,243.12500000000003,3.3293953e-05,1904,3
2.0,32.5,243.12500000000003,286.9198,32.5,243.12500000000003,1.0669909e-05,1904,4
2.0,32.5,243.12500000000003,288.82568,32.5,243.12500000000003,1.3815937e-05,1904,5
2.0,32.5,243.12500000000003,292.2882,32.5,243.12500000000003,9.492173e-07,1904,6
2.0,32.5,243.12500000000003,295.36978,32.5,243.12500000000003,5.685281e-07,1904,7
2.0,32.5,243.12500000000003,298.06543,32.5,243.12500000000003,2.0512132e-07,1904,8
2.0,32.5,243.12500000000003,298.92828,32.5,243.12500000000003,3.8368552e-07,1904,9
2.0,32.5,243.12500000000003,292.66653,32.5,243.12500000000003,6.408713e-06,1904,10
2.0,32.5,243.12500000000003,288.24695,32.5,243.12500000000003,1.1175392e-06,1904,11
2.0,32.5,243.12500000000003,284.48853,32.5,243.12500000000003,1.9515906e-05,1904,12
2.0,32.5,243.12500000000003,284.53625,32.5,243.12500000000003,1.05187155e-05,1905,1
2.0,32.5,243.12500000000003,284.80698,32.5,243.12500000000003,7.500621e-05,1905,2
2.0,32.5,243.12500000000003,285.0664,32.5,243.12500000000003,1.431257e-05,1905,3
2.0,32.5,243.12500000000003,287.35187,32.5,243.12500000000003,1.6981325e-05,1905,4
2.0,32.5,243.12500000000003,290.86804,32.5,243.12500000000003,1.2072109e-06,1905,5
2.0,32.5,243.12500000000003,291.29526,32.5,243.12500000000003,7.249644e-07,1905,6
2.0,32.5,243.12500000000003,294.42676,32.5,243.12500000000003,6.3142204e-07,1905,7
2.0,32.5,243.12500000000003,297.6072,32.5,243.12500000000003,9.893647e-07,1905,8
2.0,32.5,243.12500000000003,297.42517,32.5,243.12500000000003,3.8924878e-07,1905,9
2.0,32.5,243.12500000000003,290.46146,32.5,243.12500000000003,1.3902994e-06,1905,10
2.0,32.5,243.12500000000003,284.47824,32.5,243.12500000000003,2.0462865e-06,1905,11
2.0,32.5,243.12500000000003,283.37576,32.5,243.12500000000003,3.8977714e-08,1905,12
2.0,32.5,243.12500000000003,282.14484,32.5,243.12500000000003,8.898556e-06,1906,1
2.0,32.5,243.12500000000003,283.76877,32.5,243.12500000000003,5.9592217e-06,1906,2
2.0,32.5,243.12500000000003,286.49036,32.5,243.12500000000003,1.6190601e-05,1906,3
2.0,32.5,243.12500000000003,286.78778,32.5,243.12500000000003,1.7661661e-05,1906,4
2.0,32.5,243.12500000000003,288.01242,32.5,243.12500000000003,7.589604e-06,1906,5
2.0,32.5,243.12500000000003,292.00998,32.5,243.12500000000003,8.218294e-07,1906,6
2.0,32.5,243.12500000000003,297.0549,32.5,243.12500000000003,9.4602754e-08,1906,7
2.0,32.5,243.12500000000003,297.14523,32.5,243.12500000000003,7.5472705e-08,1906,8
2.0,32.5,243.12500000000003,298.2769,32.5,243.12500000000003,3.4086196e-07,1906,9
2.0,32.5,243.12500000000003,293.21542,32.5,243.12500000000003,7.2267693e-07,1906,10
2.0,32.5,243.12500000000003,287.78995,32.5,243.12500000000003,1.8735066e-07,1906,11
2.0,32.5,243.12500000000003,282.06348,32.5,243.12500000000003,1.8160017e-05,1906,12
2.0,32.5,243.12500000000003,280.65332,32.5,243.12500000000003,4.897883e-05,1907,1
2.0,32.5,243.12500000000003,284.77872,32.5,243.12500000000003,2.071893e-06,1907,2
2.0,32.5,243.12500000000003,286.44107,32.5,243.12500000000003,1.2870739e-05,1907,3
2.0,32.5,243.12500000000003,287.76028,32.5,243.12500000000003,8.152852e-06,1907,4
2.0,32.5,243.12500000000003,290.11728,32.5,243.12500000000003,3.3150134e-06,1907,5
2.0,32.5,243.12500000000003,292.27994,32.5,243.12500000000003,7.725115e-07,1907,6
2.0,32.5,243.12500000000003,295.4283,32.5,243.12500000000003,8.950862e-08,1907,7
2.0,32.5,243.12500000000003,296.734,32.5,243.12500000000003,3.5747846e-06,1907,8
2.0,32.5,243.12500000000003,293.41,32.5,243.12500000000003,2.7875893e-05,1907,9
2.0,32.5,243.12500000000003,291.688,32.5,243.12500000000003,1.0636386e-05,1907,10
2.0,32.5,243.12500000000003,285.70554,32.5,243.12500000000003,1.1969314e-05,1907,11
2.0,32.5,243.12500000000003,282.90793,32.5,243.12500000000003,5.0606242e-05,1907,12
2.0,32.5,243.12500000000003,282.47424,32.5,243.12500000000003,6.197651e-06,1908,1
2.0,32.5,243.12500000000003,285.65527,32.5,243.12500000000003,2.8622908e-06,1908,2
2.0,32.5,243.12500000000003,286.06342,32.5,243.12500000000003,2.254784e-05,1908,3
2.0,32.5,243.12500000000003,288.44904,32.5,243.12500000000003,1.1406436e-05,1908,4
2.0,32.5,243.12500000000003,289.8227,32.5,243.12500000000003,6.098954e-07,1908,5
2.0,32.5,243.12500000000003,291.85052,32.5,243.12500000000003,1.0793657e-06,1908,6
2.0,32.5,243.12500000000003,296.60883,32.5,243.12500000000003,2.6092738e-07,1908,7
2.0,32.5,243.12500000000003,296.58545,32.5,243.12500000000003,4.314567e-07,1908,8
2.0,32.5,243.12500000000003,297.4093,32.5,243.12500000000003,1.5835218e-07,1908,9
2.0,32.5,243.12500000000003,293.42465,32.5,243.12500000000003,2.0098262e-06,1908,10
2.0,32.5,243.12500000000003,286.40723,32.5,243.12500000000003,1.5899257e-06,1908,11
2.0,32.5,243.12500000000003,284.5752,32.5,243.12500000000003,7.6928626e-07,1908,12
2.0,32.5,243.12500000000003,284.00137,32.5,243.12500000000003,3.3452928e-08,1909,1
2.0,32.5,243.12500000000003,284.86267,32.5,243.12500000000003,1.2702889e-05,1909,2
2.0,32.5,243.12500000000003,287.35214,32.5,243.12500000000003,2.0231407e-06,1909,3
2.0,32.5,243.12500000000003,290.22565,32.5,243.12500000000003,2.2035283e-06,1909,4
2.0,32.5,243.12500000000003,292.0788,32.5,243.12500000000003,9.790298e-07,1909,5
2.0,32.5,243.12500000000003,293.0215,32.5,243.12500000000003,1.3459261e-06,1909,6
2.0,32.5,243.12500000000003,298.5176,32.5,243.12500000000003,1.2520727e-07,1909,7
2.0,32.5,243.12500000000003,296.25244,32.5,243.12500000000003,6.5434244e-07,1909,8
2.0,32.5,243.12500000000003,295.8017,32.5,243.12500000000003,1.260199e-07,1909,9
2.0,32.5,243.12500000000003,291.0766,32.5,243.12500000000003,5.0991607e-06,1909,10
2.0,32.5,243.12500000000003,287.32516,32.5,243.12500000000003,3.0600174e-06,1909,11
2.0,32.5,243.12500000000003,285.29477,32.5,243.12500000000003,4.3801647e-05,1909,12
2.0,32.5,243.12500000000003,284.11734,32.5,243.12500000000003,2.3960583e-05,1910,1
2.0,32.5,243.12500000000003,286.60385,32.5,243.12500000000003,3.3621356e-07,1910,2
2.0,32.5,243.12500000000003,285.79468,32.5,243.12500000000003,3.974645e-05,1910,3
2.0,32.5,243.12500000000003,288.50726,32.5,243.12500000000003,8.7268177e-07,1910,4
2.0,32.5,243.12500000000003,291.14896,32.5,243.12500000000003,2.3332088e-06,1910,5
2.0,32.5,243.12500000000003,291.61365,32.5,243.12500000000003,6.240674e-07,1910,6
2.0,32.5,243.12500000000003,297.4073,32.5,243.12500000000003,1.9989763e-07,1910,7
2.0,32.5,243.12500000000003,296.6954,32.5,243.12500000000003,2.7244954e-07,1910,8
2.0,32.5,243.12500000000003,295.58984,32.5,243.12500000000003,4.6473113e-05,1910,9
2.0,32.5,243.12500000000003,291.10098,32.5,243.12500000000003,6.514215e-06,1910,10
2.0,32.5,243.12500000000003,288.77432,32.5,243.12500000000003,2.5282256e-07,1910,11
2.0,32.5,243.12500000000003,283.6568,32.5,243.12500000000003,2.8481945e-05,1910,12
2.0,32.5,243.12500000000003,283.2772,32.5,243.12500000000003,3.3244942e-06,1911,1
2.0,32.5,243.12500000000003,286.2308,32.5,243.12500000000003,1.5133626e-05,1911,2
2.0,32.5,243.12500000000003,286.1181,32.5,243.12500000000003,2.015685e-05,1911,3
2.0,32.5,243.12500000000003,288.43066,32.5,243.12500000000003,7.920716e-06,1911,4
2.0,32.5,243.12500000000003,291.06467,32.5,243.12500000000003,4.654867e-06,1911,5
2.0,32.5,243.12500000000003,293.09134,32.5,243.12500000000003,1.1309635e-06,1911,6
2.0,32.5,243.12500000000003,296.3217,32.5,243.12500000000003,2.2181075e-07,1911,7
2.0,32.5,243.12500000000003,298.2321,32.5,243.12500000000003,1.0243898e-07,1911,8
2.0,32.5,243.12500000000003,296.87845,32.5,243.12500000000003,1.0659009e-07,1911,9
2.0,32.5,243.12500000000003,291.13617,32.5,243.12500000000003,1.2141123e-05,1911,10
2.0,32.5,243.12500000000003,286.57217,32.5,243.12500000000003,3.0296309e-05,1911,11
2.0,32.5,243.12500000000003,281.95966,32.5,243.12500000000003,4.2667118e-05,1911,12
2.0,32.5,243.12500000000003,282.93176,32.5,243.12500000000003,2.9977352e-06,1912,1
2.0,32.5,243.12500000000003,285.44952,32.5,243.12500000000003,5.106424e-06,1912,2
2.0,32.5,243.12500000000003,285.49194,32.5,243.12500000000003,1.450768e-05,1912,3
2.0,32.5,243.12500000000003,288.05875,32.5,243.12500000000003,5.200519e-06,1912,4
2.0,32.5,243.12500000000003,290.27463,32.5,243.12500000000003,1.3702396e-06,1912,5
2.0,32.5,243.12500000000003,293.40802,32.5,243.12500000000003,5.737917e-07,1912,6
2.0,32.5,243.12500000000003,294.5616,32.5,243.12500000000003,2.3822335e-07,1912,7
2.0,32.5,243.12500000000003,297.13876,32.5,243.12500000000003,6.8712457e-06,1912,8
2.0,32.5,243.12500000000003,296.9662,32.5,243.12500000000003,4.124331e-06,1912,9
2.0,32.5,243.12500000000003,292.44574,32.5,243.12500000000003,7.1487186e-08,1912,10
2.0,32.5,243.12500000000003,289.15994,32.5,243.12500000000003,1.0745047e-05,1912,11
2.0,32.5,243.12500000000003,283.47125,32.5,243.12500000000003,4.0598836e-05,1912,12
2.0,32.5,243.12500000000003,285.41998,32.5,243.12500000000003,1.8753964e-06,1913,1
2.0,32.5,243.12500000000003,287.0394,32.5,243.12500000000003,1.0725608e-05,1913,2
2.0,32.5,243.12500000000003,287.59595,32.5,243.12500000000003,1.1467143e-05,1913,3
2.0,32.5,243.12500000000003,285.66147,32.5,243.12500000000003,7.181993e-06,1913,4
2.0,32.5,243.12500000000003,291.07947,32.5,243.12500000000003,9.861582e-06,1913,5
2.0,32.5,243.12500000000003,292.237,32.5,243.12500000000003,1.5645173e-06,1913,6
2.0,32.5,243.12500000000003,295.2987,32.5,243.12500000000003,2.1349824e-07,1913,7
2.0,32.5,243.12500000000003,298.32645,32.5,243.12500000000003,2.2610732e-06,1913,8
2.0,32.5,243.12500000000003,296.192,32.5,243.12500000000003,3.652332e-05,1913,9
2.0,32.5,243.12500000000003,289.81192,32.5,243.12500000000003,4.6358014e-06,1913,10
2.0,32.5,243.12500000000003,287.9037,32.5,243.12500000000003,1.8220462e-05,1913,11
2.0,32.5,243.12500000000003,283.12772,32.5,243.12500000000003,2.6405714e-06,1913,12
2.0,32.5,243.12500000000003,283.10797,32.5,243.12500000000003,1.4685284e-05,1914,1
2.0,32.5,243.12500000000003,285.77814,32.5,243.12500000000003,5.0246313e-06,1914,2
2.0,32.5,243.12500000000003,285.3298,32.5,243.12500000000003,1.0015134e-05,1914,3
2.0,32.5,243.12500000000003,288.66815,32.5,243.12500000000003,1.8805698e-05,1914,4
2.0,32.5,243.12500000000003,290.28055,32.5,243.12500000000003,6.964176e-06,1914,5
2.0,32.5,243.12500000000003,292.59018,32.5,243.12500000000003,4.697104e-07,1914,6
2.0,32.5,243.12500000000003,295.0513,32.5,243.12500000000003,2.2047615e-07,1914,7
2.0,32.5,243.12500000000003,296.89343,32.5,243.12500000000003,1.0990763e-07,1914,8
2.0,32.5,243.12500000000003,296.4612,32.5,243.12500000000003,4.1722961e-07,1914,9
2.0,32.5,243.12500000000003,292.211,32.5,243.12500000000003,1.7664419e-07,1914,10
2.0,32.5,243.12500000000003,288.72684,32.5,243.12500000000003,9.052326e-06,1914,11
2.0,32.5,243.12500000000003,284.39615,32.5,243.12500000000003,2.212741e-05,1914,12
2.0,32.5,243.12500000000003,283.2218,32.5,243.12500000000003,2.9172737e-05,1915,1
2.0,32.5,243.12500000000003,286.43747,32.5,243.12500000000003,1.4991575e-05,1915,2
2.0,32.5,243.12500000000003,287.1259,32.5,243.12500000000003,7.3883953e-06,1915,3
2.0,32.5,243.12500000000003,288.64053,32.5,243.12500000000003,1.3151197e-05,1915,4
2.0,32.5,243.12500000000003,290.30246,32.5,243.12500000000003,9.731591e-06,1915,5
2.0,32.5,243.12500000000003,292.75385,32.5,243.12500000000003,7.4766433e-07,1915,6
2.0,32.5,243.12500000000003,296.99554,32.5,243.12500000000003,2.1894083e-07,1915,7
2.0,32.5,243.12500000000003,298.11676,32.5,243.12500000000003,1.782804e-06,1915,8
2.0,32.5,243.12500000000003,297.39423,32.5,243.12500000000003,4.4116578e-07,1915,9
2.0,32.5,243.12500000000003,293.31366,32.5,243.12500000000003,2.896953e-05,1915,10
2.0,32.5,243.12500000000003,288.88754,32.5,243.12500000000003,2.8993309e-06,1915,11
2.0,32.5,243.12500000000003,282.83597,32.5,243.12500000000003,1.0060376e-05,1915,12
2.0,32.5,243.12500000000003,281.86197,32.5,243.12500000000003,6.290499e-05,1916,1
2.0,32.5,243.12500000000003,283.83356,32.5,243.12500000000003,5.4648903e-05,1916,2
2.0,32.5,243.12500000000003,284.72083,32.5,243.12500000000003,3.1483163e-05,1916,3
2.0,32.5,243.12500000000003,287.1611,32.5,243.12500000000003,6.7861865e-06,1916,4
2.0,32.5,243.12500000000003,290.174,32.5,243.12500000000003,6.9888347e-06,1916,5
2.0,32.5,243.12500000000003,292.52957,32.5,243.12500000000003,1.4351044e-06,1916,6
2.0,32.5,243.12500000000003,296.78076,32.5,243.12500000000003,3.5012673e-07,1916,7
2.0,32.5,243.12500000000003,298.16263,32.5,243.12500000000003,1.6084002e-07,1916,8
2.0,32.5,243.12500000000003,296.1303,32.5,243.12500000000003,4.266292e-06,1916,9
2.0,32.5,243.12500000000003,292.09567,32.5,243.12500000000003,2.6915145e-06,1916,10
2.0,32.5,243.12500000000003,287.14868,32.5,243.12500000000003,3.2913579e-06,1916,11
2.0,32.5,243.12500000000003,283.26224,32.5,243.12500000000003,3.19214e-05,1916,12
2.0,32.5,243.12500000000003,284.47546,32.5,243.12500000000003,2.7373758e-06,1917,1
2.0,32.5,243.12500000000003,286.46667,32.5,243.12500000000003,1.3472651e-05,1917,2
2.0,32.5,243.12500000000003,285.40213,32.5,243.12500000000003,1.8000766e-05,1917,3
2.0,32.5,243.12500000000003,287.1496,32.5,243.12500000000003,2.4158888e-05,1917,4
2.0,32.5,243.12500000000003,290.90897,32.5,243.12500000000003,2.328303e-06,1917,5
2.0,32.5,243.12500000000003,292.03934,32.5,243.12500000000003,7.311653e-07,1917,6
2.0,32.5,243.12500000000003,296.3418,32.5,243.12500000000003,1.5306355e-07,1917,7
2.0,32.5,243.12500000000003,298.08774,32.5,243.12500000000003,1.7671421e-06,1917,8
2.0,32.5,243.12500000000003,299.00812,32.5,243.12500000000003,3.306989e-07,1917,9
2.0,32.5,243.12500000000003,291.8363,32.5,243.12500000000003,8.343695e-06,1917,10
2.0,32.5,243.12500000000003,287.34946,32.5,243.12500000000003,6.167493e-06,1917,11
2.0,32.5,243.12500000000003,283.28607,32.5,243.12500000000003,2.7398626e-05,1917,12
2.0,32.5,243.12500000000003,282.0041,32.5,243.12500000000003,1.4418192e-05,1918,1
2.0,32.5,243.12500000000003,285.47525,32.5,243.12500000000003,1.0250225e-06,1918,2
2.0,32.5,243.12500000000003,286.14917,32.5,243.12500000000003,6.9299654e-06,1918,3
2.0,32.5,243.12500000000003,288.06448,32.5,243.12500000000003,1.4397891e-05,1918,4
2.0,32.5,243.12500000000003,291.56543,32.5,243.12500000000003,1.1128419e-06,1918,5
2.0,32.5,243.12500000000003,291.89377,32.5,243.12500000000003,8.5869823e-07,1918,6
2.0,32.5,243.12500000000003,296.83524,32.5,243.12500000000003,2.6527755e-07,1918,7
2.0,32.5,243.12500000000003,297.38693,32.5,243.12500000000003,1.7712871e-07,1918,8
2.0,32.5,243.12500000000003,297.0499,32.5,243.12500000000003,4.6250616e-07,1918,9
2.0,32.5,243.12500000000003,292.52014,32.5,243.12500000000003,3.65606e-05,1918,10
2.0,32.5,243.12500000000003,286.77527,32.5,243.12500000000003,8.127305e-06,1918,11
2.0,32.5,243.12500000000003,284.13687,32.5,243.12500000000003,4.990692e-05,1918,12
2.0,32.5,243.12500000000003,280.8255,32.5,243.12500000000003,5.4210436e-06,1919,1
2.0,32.5,243.12500000000003,282.82327,32.5,243.12500000000003,6.970156e-05,1919,2
2.0,32.5,243.12500000000003,284.12613,32.5,243.12500000000003,4.702451e-05,1919,3
2.0,32.5,243.12500000000003,286.2879,32.5,243.12500000000003,1.1253256e-05,1919,4
2.0,32.5,243.12500000000003,290.5567,32.5,243.12500000000003,7.780851e-07,1919,5
2.0,32.5,243.12500000000003,293.31967,32.5,243.12500000000003,1.1448532e-06,1919,6
2.0,32.5,243.12500000000003,296.0715,32.5,243.12500000000003,5.3596335e-07,1919,7
2.0,32.5,243.12500000000003,298.2567,32.5,243.12500000000003,3.5619214e-06,1919,8
2.0,32.5,243.12500000000003,293.93332,32.5,243.12500000000003,1.0658018e-06,1919,9
2.0,32.5,243.12500000000003,289.2507,32.5,243.12500000000003,3.1993434e-06,1919,10
2.0,32.5,243.12500000000003,287.59058,32.5,243.12500000000003,6.704357e-06,1919,11
2.0,32.5,243.12500000000003,283.26794,32.5,243.12500000000003,2.087036e-05,1919,12
2.0,32.5,243.12500000000003,284.17422,32.5,243.12500000000003,2.5336028e-06,1920,1
2.0,32.5,243.12500000000003,283.7581,32.5,243.12500000000003,2.5759626e-05,1920,2
2.0,32.5,243.12500000000003,284.6611,32.5,243.12500000000003,3.0296698e-05,1920,3
2.0,32.5,243.12500000000003,285.3399,32.5,243.12500000000003,1.148492e-05,1920,4
2.0,32.5,243.12500000000003,289.76233,32.5,243.12500000000003,8.71781e-07,1920,5
2.0,32.5,243.12500000000003,292.3258,32.5,243.12500000000003,1.0077785e-06,1920,6
2.0,32.5,243.12500000000003,294.7964,32.5,243.12500000000003,3.581555e-07,1920,7
2.0,32.5,243.12500000000003,298.88455,32.5,243.12500000000003,3.3551404e-09,1920,8
2.0,32.5,243.12500000000003,296.13797,32.5,243.12500000000003,9.5037855e-08,1920,9
2.0,32.5,243.12500000000003,290.23087,32.5,243.12500000000003,2.0226967e-06,1920,10
2.0,32.5,243.12500000000003,288.28793,32.5,243.12500000000003,1.8814352e-06,1920,11
2.0,32.5,243.12500000000003,282.8504,32.5,243.12500000000003,1.0811117e-05,1920,12
2.0,32.5,243.12500000000003,284.5281,32.5,243.12500000000003,1.1516441e-05,1921,1
2.0,32.5,243.12500000000003,285.15652,32.5,243.12500000000003,1.0938666e-05,1921,2
2.0,32.5,243.12500000000003,287.41028,32.5,243.12500000000003,1.0394322e-05,1921,3
2.0,32.5,243.12500000000003,289.0616,32.5,243.12500000000003,6.744012e-07,1921,4
2.0,32.5,243.12500000000003,290.35712,32.5,243.12500000000003,4.7134567e-06,1921,5
2.0,32.5,243.12500000000003,292.57358,32.5,243.12500000000003,2.532559e-07,1921,6
2.0,32.5,243.12500000000003,297.0581,32.5,243.12500000000003,8.564127e-08,1921,7
2.0,32.5,243.12500000000003,297.02893,32.5,243.12500000000003,4.550061e-08,1921,8
2.0,32.5,243.12500000000003,296.98233,32.5,243.12500000000003,1.6678142e-07,1921,9
2.0,32.5,243.12500000000003,294.5054,32.5,243.12500000000003,2.1437359e-09,1921,10
2.0,32.5,243.12500000000003,287.62827,32.5,243.12500000000003,5.471285e-06,1921,11
2.0,32.5,243.12500000000003,282.7859,32.5,243.12500000000003,2.0249715e-06,1921,12
2.0,32.5,243.12500000000003,283.88248,32.5,243.12500000000003,4.008221e-06,1922,1
2.0,32.5,243.12500000000003,284.5824,32.5,243.12500000000003,8.150995e-05,1922,2
2.0,32.5,243.12500000000003,284.82864,32.5,243.12500000000003,7.202127e-05,1922,3
2.0,32.5,243.12500000000003,286.7589,32.5,243.12500000000003,5.011178e-06,1922,4
2.0,32.5,243.12500000000003,290.75378,32.5,243.12500000000003,6.783574e-06,1922,5
2.0,32.5,243.12500000000003,292.20926,32.5,243.12500000000003,1.1441226e-06,1922,6
2.0,32.5,243.12500000000003,294.5829,32.5,243.12500000000003,5.4031887e-07,1922,7
2.0,32.5,243.12500000000003,298.4043,32.5,243.12500000000003,5.412913e-08,1922,8
2.0,32.5,243.12500000000003,296.35925,32.5,243.12500000000003,1.3012244e-05,1922,9
2.0,32.5,243.12500000000003,293.23196,32.5,243.12500000000003,4.974893e-09,1922,10
2.0,32.5,243.12500000000003,287.47354,32.5,243.12500000000003,5.012897e-08,1922,11
2.0,32.5,243.12500000000003,285.5106,32.5,243.12500000000003,2.5893272e-05,1922,12
2.0,32.5,243.12500000000003,285.04178,32.5,243.12500000000003,4.8791367e-07,1923,1
2.0,32.5,243.12500000000003,286.99857,32.5,243.12500000000003,5.9082373e-05,1923,2
2.0,32.5,243.12500000000003,285.50323,32.5,243.12500000000003,3.3227687e-05,1923,3
2.0,32.5,243.12500000000003,286.2539,32.5,243.12500000000003,1.2532527e-05,1923,4
2.0,32.5,243.12500000000003,289.30267,32.5,243.12500000000003,1.1171836e-06,1923,5
2.0,32.5,243.12500000000003,291.51328,32.5,243.12500000000003,1.1193878e-06,1923,6
2.0,32.5,243.12500000000003,294.29022,32.5,243.12500000000003,7.1809774e-07,1923,7
2.0,32.5,243.12500000000003,296.07053,32.5,243.12500000000003,1.2234874e-05,1923,8
2.0,32.5,243.12500000000003,295.92316,32.5,243.12500000000003,3.0401752e-06,1923,9
2.0,32.5,243.12500000000003,291.7323,32.5,243.12500000000003,1.7332906e-05,1923,10
2.0,32.5,243.12500000000003,287.21515,32.5,243.12500000000003,9.964154e-06,1923,11
2.0,32.5,243.12500000000003,283.145,32.5,243.12500000000003,5.557119e-05,1923,12
2.0,32.5,243.12500000000003,283.1706,32.5,243.12500000000003,2.0177415e-05,1924,1
2.0,32.5,243.12500000000003,285.37112,32.5,243.12500000000003,9.3431545e-06,1924,2
2.0,32.5,243.12500000000003,286.19238,32.5,243.12500000000003,4.0811115e-06,1924,3
2.0,32.5,243.12500000000003,288.07428,32.5,243.12500000000003,4.5348584e-06,1924,4
2.0,32.5,243.12500000000003,288.6333,32.5,243.12500000000003,2.831686e-06,1924,5
2.0,32.5,243.12500000000003,293.40027,32.5,243.12500000000003,5.884533e-07,1924,6
2.0,32.5,243.12500000000003,298.3116,32.5,243.12500000000003,1.6114025e-07,1924,7
2.0,32.5,243.12500000000003,297.60217,32.5,243.12500000000003,1.207332e-07,1924,8
2.0,32.5,243.12500000000003,296.9873,32.5,243.12500000000003,1.5749013e-07,1924,9
2.0,32.5,243.12500000000003,293.3404,32.5,243.12500000000003,4.976756e-07,1924,10
2.0,32.5,243.12500000000003,289.46747,32.5,243.12500000000003,4.207968e-06,1924,11
2.0,32.5,243.12500000000003,285.88098,32.5,243.12500000000003,2.10433e-05,1924,12
2.0,32.5,243.12500000000003,283.22296,32.5,243.12500000000003,8.3838034e-07,1925,1
2.0,32.5,243.12500000000003,283.8278,32.5,243.12500000000003,3.1099007e-05,1925,2
2.0,32.5,243.12500000000003,286.4033,32.5,243.12500000000003,6.682184e-06,1925,3
2.0,32.5,243.12500000000003,286.91345,32.5,243.12500000000003,1.6529266e-05,1925,4
2.0,32.5,243.12500000000003,289.0201,32.5,243.12500000000003,1.6763559e-05,1925,5
2.0,32.5,243.12500000000003,292.67712,32.5,243.12500000000003,1.4594467e-06,1925,6
2.0,32.5,243.12500000000003,295.98166,32.5,243.12500000000003,3.898597e-07,1925,7
2.0,32.5,243.12500000000003,297.47226,32.5,243.12500000000003,1.0534475e-07,1925,8
2.0,32.5,243.12500000000003,297.8016,32.5,243.12500000000003,5.147104e-07,1925,9
2.0,32.5,243.12500000000003,294.21198,32.5,243.12500000000003,2.2820125e-06,1925,10
2.0,32.5,243.12500000000003,286.48114,32.5,243.12500000000003,9.02794e-06,1925,11
2.0,32.5,243.12500000000003,283.61508,32.5,243.12500000000003,1.8253591e-05,1925,12
2.0,32.5,243.12500000000003,281.24716,32.5,243.12500000000003,5.8096243e-06,1926,1
2.0,32.5,243.12500000000003,283.30667,32.5,243.12500000000003,2.2477396e-05,1926,2
2.0,32.5,243.12500000000003,285.7922,32.5,243.12500000000003,3.7368468e-06,1926,3
2.0,32.5,243.12500000000003,287.81583,32.5,243.12500000000003,4.6819846e-06,1926,4
2.0,32.5,243.12500000000003,288.05414,32.5,243.12500000000003,8.553717e-07,1926,5
2.0,32.5,243.12500000000003,291.1689,32.5,243.12500000000003,1.4777156e-06,1926,6
2.0,32.5,243.12500000000003,295.24844,32.5,243.12500000000003,6.4889144e-07,1926,7
2.0,32.5,243.12500000000003,297.5186,32.5,243.12500000000003,7.7428005e-08,1926,8
2.0,32.5,243.12500000000003,297.33963,32.5,243.12500000000003,2.3961172e-06,1926,9
2.0,32.5,243.12500000000003,291.09747,32.5,243.12500000000003,8.438754e-06,1926,10
2.0,32.5,243.12500000000003,286.52512,32.5,243.12500000000003,1.572415e-05,1926,11
2.0,32.5,243.12500000000003,285.71594,32.5,243.12500000000003,2.9485684e-05,1926,12
2.0,32.5,243.12500000000003,284.1837,32.5,243.12500000000003,7.977947e-08,1927,1
2.0,32.5,243.12500000000003,284.3527,32.5,243.12500000000003,3.724053e-05,1927,2
2.0,32.5,243.12500000000003,287.08493,32.5,243.12500000000003,4.74776e-06,1927,3
2.0,32.5,243.12500000000003,287.8294,32.5,243.12500000000003,7.6161164e-06,1927,4
2.0,32.5,243.12500000000003,291.02814,32.5,243.12500000000003,1.0998581e-06,1927,5
2.0,32.5,243.12500000000003,291.36304,32.5,243.12500000000003,8.805542e-07,1927,6
2.0,32.5,243.12500000000003,296.45258,32.5,243.12500000000003,2.1617853e-07,1927,7
2.0,32.5,243.12500000000003,296.42978,32.5,243.12500000000003,2.9630672e-05,1927,8
2.0,32.5,243.12500000000003,296.23682,32.5,243.12500000000003,6.001552e-07,1927,9
2.0,32.5,243.12500000000003,293.32407,32.5,243.12500000000003,5.2377214e-05,1927,10
2.0,32.5,243.12500000000003,288.37894,32.5,243.12500000000003,4.139568e-06,1927,11
2.0,32.5,243.12500000000003,286.13733,32.5,243.12500000000003,1.501521e-06,1927,12
2.0,32.5,243.12500000000003,285.6852,32.5,243.12500000000003,3.5492973e-05,1928,1
2.0,32.5,243.12500000000003,285.7792,32.5,243.12500000000003,2.873137e-05,1928,2
2.0,32.5,243.12500000000003,286.92807,32.5,243.12500000000003,7.75263e-06,1928,3
2.0,32.5,243.12500000000003,285.52206,32.5,243.12500000000003,4.944389e-05,1928,4
2.0,32.5,243.12500000000003,287.17804,32.5,243.12500000000003,8.852345e-06,1928,5
2.0,32.5,243.12500000000003,292.1491,32.5,243.12500000000003,3.5176408e-06,1928,6
2.0,32.5,243.12500000000003,297.10364,32.5,243.12500000000003,6.956428e-07,1928,7
2.0,32.5,243.12500000000003,296.4946,32.5,243.12500000000003,6.4369584e-07,1928,8
2.0,32.5,243.12500000000003,295.5865,32.5,243.12500000000003,3.0591116e-07,1928,9
2.0,32.5,243.12500000000003,291.67947,32.5,243.12500000000003,6.87865e-07,1928,10
2.0,32.5,243.12500000000003,288.0028,32.5,243.12500000000003,7.5597315e-09,1928,11
2.0,32.5,243.12500000000003,286.74908,32.5,243.12500000000003,2.245748e-05,1928,12
2.0,32.5,243.12500000000003,283.7288,32.5,243.12500000000003,3.6313264e-05,1929,1
2.0,32.5,243.12500000000003,284.37796,32.5,243.12500000000003,1.314533e-05,1929,2
2.0,32.5,243.12500000000003,285.3961,32.5,243.12500000000003,3.2776767e-05,1929,3
2.0,32.5,243.12500000000003,288.249,32.5,243.12500000000003,1.5403391e-05,1929,4
2.0,32.5,243.12500000000003,290.25433,32.5,243.12500000000003,1.0687154e-06,1929,5
2.0,32.5,243.12500000000003,292.0568,32.5,243.12500000000003,1.8586924e-06,1929,6
2.0,32.5,243.12500000000003,296.643,32.5,243.12500000000003,2.1973473e-07,1929,7
2.0,32.5,243.12500000000003,298.43613,32.5,243.12500000000003,2.51083e-06,1929,8
2.0,32.5,243.12500000000003,296.43445,32.5,243.12500000000003,1.7880802e-07,1929,9
2.0,32.5,243.12500000000003,295.42282,32.5,243.12500000000003,1.8412144e-05,1929,10
2.0,32.5,243.12500000000003,286.91873,32.5,243.12500000000003,1.002883e-05,1929,11
2.0,32.5,243.12500000000003,283.19678,32.5,243.12500000000003,1.4783909e-05,1929,12
2.0,32.5,243.12500000000003,281.03937,32.5,243.12500000000003,4.2187534e-05,1930,1
2.0,32.5,243.12500000000003,282.29153,32.5,243.12500000000003,4.7615235e-05,1930,2
2.0,32.5,243.12500000000003,288.09268,32.5,243.12500000000003,4.1305987e-07,1930,3
2.0,32.5,243.12500000000003,286.88718,32.5,243.12500000000003,2.777569e-05,1930,4
2.0,32.5,243.12500000000003,290.24353,32.5,243.12500000000003,3.7180318e-06,1930,5
2.0,32.5,243.12500000000003,294.27838,32.5,243.12500000000003,1.0353839e-06,1930,6
2.0,32.5,243.12500000000003,296.87854,32.5,243.12500000000003,8.2913664e-07,1930,7
2.0,32.5,243.12500000000003,298.18433,32.5,243.12500000000003,4.027447e-07,1930,8
2.0,32.5,243.12500000000003,295.8878,32.5,243.12500000000003,3.0931305e-06,1930,9
2.0,32.5,243.12500000000003,296.26343,32.5,243.12500000000003,1.1470853e-06,1930,10
2.0,32.5,243.12500000000003,289.71133,32.5,243.12500000000003,1.5147021e-08,1930,11
2.0,32.5,243.12500000000003,286.3656,32.5,243.12500000000003,8.934432e-07,1930,12
2.0,32.5,243.12500000000003,283.19855,32.5,243.12500000000003,1.6414913e-05,1931,1
2.0,32.5,243.12500000000003,286.26608,32.5,243.12500000000003,1.0072255e-05,1931,2
2.0,32.5,243.12500000000003,284.6691,32.5,243.12500000000003,7.0157475e-05,1931,3
2.0,32.5,243.12500000000003,287.0096,32.5,243.12500000000003,9.352528e-06,1931,4
2.0,32.5,243.12500000000003,288.411,32.5,243.12500000000003,1.8156545e-05,1931,5
2.0,32.5,243.12500000000003,292.28415,32.5,243.12500000000003,2.584068e-06,1931,6
2.0,32.5,243.12500000000003,296.3013,32.5,243.12500000000003,3.7826774e-07,1931,7
2.0,32.5,243.12500000000003,296.51385,32.5,243.12500000000003,3.919218e-07,1931,8
2.0,32.5,243.12500000000003,294.6007,32.5,243.12500000000003,4.7344432e-07,1931,9
2.0,32.5,243.12500000000003,292.4515,32.5,243.12500000000003,9.295486e-06,1931,10
2.0,32.5,243.12500000000003,287.9236,32.5,243.12500000000003,1.6243558e-06,1931,11
2.0,32.5,243.12500000000003,283.55396,32.5,243.12500000000003,1.1135891e-05,1931,12
2.0,32.5,243.12500000000003,284.22067,32.5,243.12500000000003,1.9680465e-05,1932,1
2.0,32.5,243.12500000000003,286.31592,32.5,243.12500000000003,1.9626352e-05,1932,2
2.0,32.5,243.12500000000003,287.15176,32.5,243.12500000000003,5.8761998e-05,1932,3
2.0,32.5,243.12500000000003,286.60352,32.5,243.12500000000003,2.306119e-05,1932,4
2.0,32.5,243.12500000000003,291.68036,32.5,243.12500000000003,1.6058091e-06,1932,5
2.0,32.5,243.12500000000003,291.9844,32.5,243.12500000000003,1.470333e-06,1932,6
2.0,32.5,243.12500000000003,296.58963,32.5,243.12500000000003,9.044227e-06,1932,7
2.0,32.5,243.12500000000003,299.31113,32.5,243.12500000000003,4.5428568e-08,1932,8
2.0,32.5,243.12500000000003,296.8508,32.5,243.12500000000003,4.6863394e-07,1932,9
2.0,32.5,243.12500000000003,292.98138,32.5,243.12500000000003,3.6118935e-09,1932,10
2.0,32.5,243.12500000000003,289.41483,32.5,243.12500000000003,7.846187e-07,1932,11
2.0,32.5,243.12500000000003,284.96225,32.5,243.12500000000003,9.372193e-06,1932,12
2.0,32.5,243.12500000000003,282.59598,32.5,243.12500000000003,3.127175e-05,1933,1
2.0,32.5,243.12500000000003,285.06952,32.5,243.12500000000003,4.8981314e-05,1933,2
2.0,32.5,243.12500000000003,286.62686,32.5,243.12500000000003,1.0482988e-05,1933,3
2.0,32.5,243.12500000000003,289.0502,32.5,243.12500000000003,1.1043866e-05,1933,4
2.0,32.5,243.12500000000003,291.95483,32.5,243.12500000000003,2.937063e-06,1933,5
2.0,32.5,243.12500000000003,295.10342,32.5,243.12500000000003,4.3177323e-07,1933,6
2.0,32.5,243.12500000000003,297.10074,32.5,243.12500000000003,1.1690134e-07,1933,7
2.0,32.5,243.12500000000003,296.88815,32.5,243.12500000000003,7.126622e-07,1933,8
2.0,32.5,243.12500000000003,297.12396,32.5,243.12500000000003,3.243468e-07,1933,9
2.0,32.5,243.12500000000003,291.31042,32.5,243.12500000000003,2.0964912e-05,1933,10
2.0,32.5,243.12500000000003,285.9878,32.5,243.12500000000003,2.103438e-05,1933,11
2.0,32.5,243.12500000000003,284.68466,32.5,243.12500000000003,2.1450329e-05,1933,12
2.0,32.5,243.12500000000003,283.40878,32.5,243.12500000000003,8.4984185e-06,1934,1
2.0,32.5,243.12500000000003,285.30878,32.5,243.12500000000003,1.1239719e-05,1934,2
2.0,32.5,243.12500000000003,287.07605,32.5,243.12500000000003,1.5413762e-05,1934,3
2.0,32.5,243.12500000000003,288.44562,32.5,243.12500000000003,7.0760843e-06,1934,4
2.0,32.5,243.12500000000003,289.4954,32.5,243.12500000000003,9.297733e-06,1934,5
2.0,32.5,243.12500000000003,293.3451,32.5,243.12500000000003,1.7958386e-06,1934,6
2.0,32.5,243.12500000000003,295.62933,32.5,243.12500000000003,3.4772376e-05,1934,7
2.0,32.5,243.12500000000003,298.65698,32.5,243.12500000000003,1.3314593e-07,1934,8
2.0,32.5,243.12500000000003,296.20074,32.5,243.12500000000003,1.7062928e-05,1934,9
2.0,32.5,243.12500000000003,294.4093,32.5,243.12500000000003,4.2396027e-07,1934,10
2.0,32.5,243.12500000000003,288.06116,32.5,243.12500000000003,4.088726e-06,1934,11
2.0,32.5,243.12500000000003,282.57632,32.5,243.12500000000003,4.6856298e-05,1934,12
2.0,32.5,243.12500000000003,282.88632,32.5,243.12500000000003,3.5762e-05,1935,1
2.0,32.5,243.12500000000003,285.0065,32.5,243.12500000000003,5.523621e-06,1935,2
2.0,32.5,243.12500000000003,285.51727,32.5,243.12500000000003,6.465896e-06,1935,3
2.0,32.5,243.12500000000003,287.94058,32.5,243.12500000000003,7.4229174e-06,1935,4
2.0,32.5,243.12500000000003,290.65817,32.5,243.12500000000003,8.579331e-07,1935,5
2.0,32.5,243.12500000000003,292.422,32.5,243.12500000000003,6.995306e-07,1935,6
2.0,32.5,243.12500000000003,296.37292,32.5,243.12500000000003,2.491957e-07,1935,7
2.0,32.5,243.12500000000003,295.29163,32.5,243.12500000000003,1.2930961e-05,1935,8
2.0,32.5,243.12500000000003,295.18204,32.5,243.12500000000003,1.2472087e-06,1935,9
2.0,32.5,243.12500000000003,294.38068,32.5,243.12500000000003,1.0110018e-06,1935,10
2.0,32.5,243.12500000000003,286.47772,32.5,243.12500000000003,8.305251e-06,1935,11
2.0,32.5,243.12500000000003,284.58212,32.5,243.12500000000003,7.4091417e-06,1935,12
2.0,32.5,243.12500000000003,285.233,32.5,243.12500000000003,3.6598829e-06,1936,1
2.0,32.5,243.12500000000003,287.68256,32.5,243.12500000000003,8.074245e-06,1936,2
2.0,32.5,243.12500000000003,287.0954,32.5,243.12500000000003,1.4232073e-05,1936,3
2.0,32.5,243.12500000000003,288.0692,32.5,243.12500000000003,9.452467e-06,1936,4
2.0,32.5,243.12500000000003,289.87653,32.5,243.12500000000003,1.8136227e-06,1936,5
2.0,32.5,243.12500000000003,291.496,32.5,243.12500000000003,1.3590166e-06,1936,6
2.0,32.5,243.12500000000003,295.10004,32.5,243.12500000000003,5.8313395e-07,1936,7
2.0,32.5,243.12500000000003,297.64322,32.5,243.12500000000003,1.0817057e-07,1936,8
2.0,32.5,243.12500000000003,293.75015,32.5,243.12500000000003,5.127217e-07,1936,9
2.0,32.5,243.12500000000003,290.54987,32.5,243.12500000000003,2.7019368e-07,1936,10
2.0,32.5,243.12500000000003,287.12433,32.5,243.12500000000003,4.14239e-06,1936,11
2.0,32.5,243.12500000000003,285.22037,32.5,243.12500000000003,1.0596828e-08,1936,12
2.0,32.5,243.12500000000003,282.67856,32.5,243.12500000000003,2.185435e-05,1937,1
2.0,32.5,243.12500000000003,281.96936,32.5,243.12500000000003,1.4930823e-05,1937,2
2.0,32.5,243.12500000000003,285.98117,32.5,243.12500000000003,3.0801923e-06,1937,3
2.0,32.5,243.12500000000003,286.60144,32.5,243.12500000000003,1.8194734e-05,1937,4
2.0,32.5,243.12500000000003,289.09338,32.5,243.12500000000003,3.4457746e-06,1937,5
2.0,32.5,243.12500000000003,292.93524,32.5,243.12500000000003,5.8526376e-07,1937,6
2.0,32.5,243.12500000000003,293.7993,32.5,243.12500000000003,6.0560563e-07,1937,7
2.0,32.5,243.12500000000003,296.90613,32.5,243.12500000000003,3.0123087e-05,1937,8
2.0,32.5,243.12500000000003,297.08432,32.5,243.12500000000003,4.358552e-07,1937,9
2.0,32.5,243.12500000000003,293.68506,32.5,243.12500000000003,1.0920102e-06,1937,10
2.0,32.5,243.12500000000003,287.2247,32.5,243.12500000000003,1.2742989e-05,1937,11
2.0,32.5,243.12500000000003,286.09314,32.5,243.12500000000003,4.542124e-06,1937,12
2.0,32.5,243.12500000000003,284.38107,32.5,243.12500000000003,3.03768e-05,1938,1
2.0,32.5,243.12500000000003,285.91733,32.5,243.12500000000003,5.187402e-06,1938,2
2.0,32.5,243.12500000000003,287.39908,32.5,243.12500000000003,9.316436e-06,1938,3
2.0,32.5,243.12500000000003,286.5248,32.5,243.12500000000003,1.9106808e-05,1938,4
2.0,32.5,243.12500000000003,291.0698,32.5,243.12500000000003,1.0277364e-06,1938,5
2.0,32.5,243.12500000000003,291.22952,32.5,243.12500000000003,1.1765549e-06,1938,6
2.0,32.5,243.12500000000003,297.74127,32.5,243.12500000000003,4.8023855e-07,1938,7
2.0,32.5,243.12500000000003,297.1691,32.5,243.12500000000003,3.6832716e-07,1938,8
2.0,32.5,243.12500000000003,298.95157,32.5,243.12500000000003,5.1363035e-08,1938,9
2.0,32.5,243.12500000000003,292.70337,32.5,243.12500000000003,4.823376e-07,1938,10
2.0,32.5,243.12500000000003,288.33453,32.5,243.12500000000003,2.1367048e-06,1938,11
2.0,32.5,243.12500000000003,286.31073,32.5,243.12500000000003,7.6208285e-06,1938,12
2.0,32.5,243.12500000000003,284.14133,32.5,243.12500000000003,2.5183677e-05,1939,1
2.0,32.5,243.12500000000003,283.03125,32.5,243.12500000000003,3.6960828e-05,1939,2
2.0,32.5,243.12500000000003,283.99878,32.5,243.12500000000003,2.6018448e-05,1939,3
2.0,32.5,243.12500000000003,287.7355,32.5,243.12500000000003,1.5852247e-05,1939,4
2.0,32.5,243.12500000000003,290.14584,32.5,243.12500000000003,8.498413e-06,1939,5
2.0,32.5,243.12500000000003,291.78476,32.5,243.12500000000003,9.45144e-07,1939,6
2.0,32.5,243.12500000000003,296.53607,32.5,243.12500000000003,1.2248945e-07,1939,7
2.0,32.5,243.12500000000003,295.3794,32.5,243.12500000000003,2.750282e-07,1939,8
2.0,32.5,243.12500000000003,293.51614,32.5,243.12500000000003,2.9437915e-05,1939,9
2.0,32.5,243.12500000000003,290.69183,32.5,243.12500000000003,1.6330132e-05,1939,10
2.0,32.5,243.12500000000003,286.71933,32.5,243.12500000000003,5.815615e-06,1939,11
2.0,32.5,243.12500000000003,280.58798,32.5,243.12500000000003,2.3300056e-05,1939,12
2.0,32.5,243.12500000000003,283.76266,32.5,243.12500000000003,4.928512e-05,1940,1
2.0,32.5,243.12500000000003,283.6129,32.5,243.12500000000003,7.9369674e-05,1940,2
2.0,32.5,243.12500000000003,284.50885,32.5,243.12500000000003,5.9729828e-05,1940,3
2.0,32.5,243.12500000000003,286.7861,32.5,243.12500000000003,1.8156627e-06,1940,4
2.0,32.5,243.12500000000003,289.56522,32.5,243.12500000000003,6.291609e-06,1940,5
2.0,32.5,243.12500000000003,293.76947,32.5,243.12500000000003,6.3997845e-07,1940,6
2.0,32.5,243.12500000000003,294.08353,32.5,243.12500000000003,6.4338326e-07,1940,7
2.0,32.5,243.12500000000003,299.32513,32.5,243.12500000000003,8.894938e-08,1940,8
2.0,32.5,243.12500000000003,297.67914,32.5,243.12500000000003,3.1618998e-05,1940,9
2.0,32.5,243.12500000000003,291.27588,32.5,243.12500000000003,2.288056e-06,1940,10
2.0,32.5,243.12500000000003,287.01837,32.5,243.12500000000003,1.7784756e-05,1940,11
2.0,32.5,243.12500000000003,283.94754,32.5,243.12500000000003,1.5837204e-06,1940,12
2.0,32.5,243.12500000000003,284.39185,32.5,243.12500000000003,6.7564583e-06,1941,1
2.0,32.5,243.12500000000003,287.32474,32.5,243.12500000000003,2.4871518e-08,1941,2
2.0,32.5,243.12500000000003,288.99695,32.5,243.12500000000003,5.0021417e-06,1941,3
2.0,32.5,243.12500000000003,289.69205,32.5,243.12500000000003,1.3990697e-06,1941,4
2.0,32.5,243.12500000000003,289.70166,32.5,243.12500000000003,9.148555e-06,1941,5
2.0,32.5,243.12500000000003,292.50418,32.5,243.12500000000003,5.7317595e-07,1941,6
2.0,32.5,243.12500000000003,296.5293,32.5,243.12500000000003,5.757158e-07,1941,7
2.0,32.5,243.12500000000003,297.841,32.5,243.12500000000003,2.534608e-06,1941,8
2.0,32.5,243.12500000000003,297.48645,32.5,243.12500000000003,1.5722909e-06,1941,9
2.0,32.5,243.12500000000003,296.11707,32.5,243.12500000000003,2.2306046e-09,1941,10
2.0,32.5,243.12500000000003,287.8786,32.5,243.12500000000003,1.8818893e-05,1941,11
2.0,32.5,243.12500000000003,283.17456,32.5,243.12500000000003,3.7252114e-05,1941,12
2.0,32.5,243.12500000000003,284.91046,32.5,243.12500000000003,1.0604631e-05,1942,1
2.0,32.5,243.12500000000003,285.34137,32.5,243.12500000000003,1.0181872e-05,1942,2
2.0,32.5,243.12500000000003,285.17392,32.5,243.12500000000003,1.8876002e-05,1942,3
2.0,32.5,243.12500000000003,288.87442,32.5,243.12500000000003,7.5531198e-06,1942,4
2.0,32.5,243.12500000000003,289.60623,32.5,243.12500000000003,2.8364452e-06,1942,5
2.0,32.5,243.12500000000003,291.87326,32.5,243.12500000000003,6.0070437e-07,1942,6
2.0,32.5,243.12500000000003,296.80643,32.5,243.12500000000003,1.327348e-07,1942,7
2.0,32.5,243.12500000000003,296.01834,32.5,243.12500000000003,1.3367577e-07,1942,8
2.0,32.5,243.12500000000003,296.74133,32.5,243.12500000000003,3.0166744e-05,1942,9
2.0,32.5,243.12500000000003,291.47318,32.5,243.12500000000003,2.1464166e-05,1942,10
2.0,32.5,243.12500000000003,286.34818,32.5,243.12500000000003,1.4289424e-05,1942,11
2.0,32.5,243.12500000000003,281.75336,32.5,243.12500000000003,1.7262406e-05,1942,12
2.0,32.5,243.12500000000003,281.33774,32.5,243.12500000000003,4.841014e-05,1943,1
2.0,32.5,243.12500000000003,284.16977,32.5,243.12500000000003,3.0778505e-05,1943,2
2.0,32.5,243.12500000000003,284.03146,32.5,243.12500000000003,4.9432692e-05,1943,3
2.0,32.5,243.12500000000003,288.95938,32.5,243.12500000000003,8.478128e-06,1943,4
2.0,32.5,243.12500000000003,289.00626,32.5,243.12500000000003,5.68771e-06,1943,5
2.0,32.5,243.12500000000003,291.66412,32.5,243.12500000000003,1.2533992e-06,1943,6
2.0,32.5,243.12500000000003,297.18494,32.5,243.12500000000003,2.2453679e-07,1943,7
2.0,32.5,243.12500000000003,299.79138,32.5,243.12500000000003,3.2814576e-06,1943,8
2.0,32.5,243.12500000000003,296.75333,32.5,243.12500000000003,9.728763e-06,1943,9
2.0,32.5,243.12500000000003,292.61734,32.5,243.12500000000003,1.0522702e-05,1943,10
2.0,32.5,243.12500000000003,288.0102,32.5,243.12500000000003,1.6513868e-05,1943,11
2.0,32.5,243.12500000000003,282.7792,32.5,243.12500000000003,2.9136512e-05,1943,12
2.0,32.5,243.12500000000003,285.4557,32.5,243.12500000000003,6.892952e-05,1944,1
2.0,32.5,243.12500000000003,283.2834,32.5,243.12500000000003,2.9390652e-05,1944,2
2.0,32.5,243.12500000000003,285.3918,32.5,243.12500000000003,5.5804003e-06,1944,3
2.0,32.5,243.12500000000003,286.52933,32.5,243.12500000000003,3.4352946e-05,1944,4
2.0,32.5,243.12500000000003,289.0371,32.5,243.12500000000003,1.8814081e-06,1944,5
2.0,32.5,243.12500000000003,290.87302,32.5,243.12500000000003,1.302028e-06,1944,6
2.0,32.5,243.12500000000003,294.84634,32.5,243.12500000000003,2.7772714e-07,1944,7
2.0,32.5,243.12500000000003,298.07062,32.5,243.12500000000003,5.948665e-08,1944,8
2.0,32.5,243.12500000000003,296.93265,32.5,243.12500000000003,2.9594476e-06,1944,9
2.0,32.5,243.12500000000003,292.3235,32.5,243.12500000000003,2.5344139e-06,1944,10
2.0,32.5,243.12500000000003,286.04285,32.5,243.12500000000003,4.830309e-06,1944,11
2.0,32.5,243.12500000000003,283.539,32.5,243.12500000000003,2.9980704e-06,1944,12
2.0,32.5,243.12500000000003,283.01733,32.5,243.12500000000003,5.954493e-06,1945,1
2.0,32.5,243.12500000000003,282.95532,32.5,243.12500000000003,2.4433462e-05,1945,2
2.0,32.5,243.12500000000003,287.3847,32.5,243.12500000000003,3.5343996e-07,1945,3
2.0,32.5,243.12500000000003,287.42657,32.5,243.12500000000003,2.2329075e-05,1945,4
2.0,32.5,243.12500000000003,290.2739,32.5,243.12500000000003,4.9658665e-06,1945,5
2.0,32.5,243.12500000000003,290.55457,32.5,243.12500000000003,7.332383e-07,1945,6
2.0,32.5,243.12500000000003,295.42123,32.5,243.12500000000003,2.95547e-07,1945,7
2.0,32.5,243.12500000000003,297.85107,32.5,243.12500000000003,2.934533e-07,1945,8
2.0,32.5,243.12500000000003,296.7541,32.5,243.12500000000003,3.6155973e-07,1945,9
2.0,32.5,243.12500000000003,289.30984,32.5,243.12500000000003,3.439494e-06,1945,10
2.0,32.5,243.12500000000003,287.7324,32.5,243.12500000000003,2.7695057e-07,1945,11
2.0,32.5,243.12500000000003,283.53458,32.5,243.12500000000003,1.8294244e-05,1945,12
2.0,32.5,243.12500000000003,281.79065,32.5,243.12500000000003,1.7226597e-05,1946,1
2.0,32.5,243.12500000000003,284.7403,32.5,243.12500000000003,6.8313466e-07,1946,2
2.0,32.5,243.12500000000003,285.33005,32.5,243.12500000000003,1.28472775e-05,1946,3
2.0,32.5,243.12500000000003,287.32147,32.5,243.12500000000003,4.900907e-06,1946,4
2.0,32.5,243.12500000000003,290.26242,32.5,243.12500000000003,7.1193517e-06,1946,5
2.0,32.5,243.12500000000003,292.10776,32.5,243.12500000000003,8.8982785e-07,1946,6
2.0,32.5,243.12500000000003,296.56537,32.5,243.12500000000003,1.6026159e-07,1946,7
2.0,32.5,243.12500000000003,298.3039,32.5,243.12500000000003,4.3168396e-07,1946,8
2.0,32.5,243.12500000000003,296.69336,32.5,243.12500000000003,2.8994006e-07,1946,9
2.0,32.5,243.12500000000003,291.72803,32.5,243.12500000000003,4.193241e-06,1946,10
2.0,32.5,243.12500000000003,285.3685,32.5,243.12500000000003,1.258112e-05,1946,11
2.0,32.5,243.12500000000003,283.89478,32.5,243.12500000000003,1.6199458e-05,1946,12
2.0,32.5,243.12500000000003,284.6094,32.5,243.12500000000003,5.164675e-07,1947,1
2.0,32.5,243.12500000000003,285.59137,32.5,243.12500000000003,4.000499e-05,1947,2
2.0,32.5,243.12500000000003,286.9992,32.5,243.12500000000003,1.9455165e-05,1947,3
2.0,32.5,243.12500000000003,288.07803,32.5,243.12500000000003,1.969209e-06,1947,4
2.0,32.5,243.12500000000003,292.04044,32.5,243.12500000000003,2.77658e-06,1947,5
2.0,32.5,243.12500000000003,291.19916,32.5,243.12500000000003,1.5413698e-06,1947,6
2.0,32.5,243.12500000000003,296.14713,32.5,243.12500000000003,5.0834143e-07,1947,7
2.0,32.5,243.12500000000003,297.87234,32.5,243.12500000000003,1.0876148e-05,1947,8
2.0,32.5,243.12500000000003,298.79718,32.5,243.12500000000003,3.9757813e-07,1947,9
2.0,32.5,243.12500000000003,292.14398,32.5,243.12500000000003,3.7346458e-06,1947,10
2.0,32.5,243.12500000000003,288.31445,32.5,243.12500000000003,1.5813479e-05,1947,11
2.0,32.5,243.12500000000003,283.38715,32.5,243.12500000000003,6.3935263e-06,1947,12
2.0,32.5,243.12500000000003,283.09488,32.5,243.12500000000003,2.4251403e-05,1948,1
2.0,32.5,243.12500000000003,287.56754,32.5,243.12500000000003,5.1854495e-06,1948,2
2.0,32.5,243.12500000000003,285.05197,32.5,243.12500000000003,4.9822956e-05,1948,3
2.0,32.5,243.12500000000003,286.77756,32.5,243.12500000000003,9.045003e-06,1948,4
2.0,32.5,243.12500000000003,290.92245,32.5,243.12500000000003,5.603524e-07,1948,5
2.0,32.5,243.12500000000003,291.53207,32.5,243.12500000000003,3.6345084e-06,1948,6
2.0,32.5,243.12500000000003,295.59265,32.5,243.12500000000003,3.2261497e-07,1948,7
2.0,32.5,243.12500000000003,297.2904,32.5,243.12500000000003,9.7648964e-08,1948,8
2.0,32.5,243.12500000000003,295.4014,32.5,243.12500000000003,3.9513256e-05,1948,9
2.0,32.5,243.12500000000003,293.441,32.5,243.12500000000003,5.7206285e-06,1948,10
2.0,32.5,243.12500000000003,287.2828,32.5,243.12500000000003,1.0493868e-06,1948,11
2.0,32.5,243.12500000000003,286.54202,32.5,243.12500000000003,1.3461637e-06,1948,12
2.0,32.5,243.12500000000003,283.28934,32.5,243.12500000000003,2.6291566e-06,1949,1
2.0,32.5,243.12500000000003,286.807,32.5,243.12500000000003,4.687288e-05,1949,2
2.0,32.5,243.12500000000003,284.97235,32.5,243.12500000000003,2.3086614e-05,1949,3
2.0,32.5,243.12500000000003,287.61566,32.5,243.12500000000003,2.934957e-06,1949,4
2.0,32.5,243.12500000000003,288.0936,32.5,243.12500000000003,1.1308868e-05,1949,5
2.0,32.5,243.12500000000003,292.34756,32.5,243.12500000000003,8.7365487e-07,1949,6
2.0,32.5,243.12500000000003,295.21463,32.5,243.12500000000003,4.2256138e-07,1949,7
2.0,32.5,243.12500000000003,295.11844,32.5,243.12500000000003,3.4847102e-07,1949,8
2.0,32.5,243.12500000000003,293.81952,32.5,243.12500000000003,3.46776e-07,1949,9
2.0,32.5,243.12500000000003,289.8899,32.5,243.12500000000003,4.670524e-06,1949,10
2.0,32.5,243.12500000000003,287.79486,32.5,243.12500000000003,1.124414e-05,1949,11
2.0,32.5,243.12500000000003,283.63614,32.5,243.12500000000003,2.2385895e-05,1949,12
2.0,32.5,243.12500000000003,284.9034,32.5,243.12500000000003,2.4278884e-06,1950,1
2.0,32.5,243.12500000000003,284.0959,32.5,243.12500000000003,3.2868054e-05,1950,2
2.0,32.5,243.12500000000003,284.8859,32.5,243.12500000000003,2.5552057e-05,1950,3
2.0,32.5,243.12500000000003,285.79285,32.5,243.12500000000003,3.4766665e-05,1950,4
2.0,32.5,243.12500000000003,288.87286,32.5,243.12500000000003,1.0789358e-06,1950,5
2.0,32.5,243.12500000000003,290.64456,32.5,243.12500000000003,1.7265094e-06,1950,6
2.0,32.5,243.12500000000003,296.2122,32.5,243.12500000000003,5.876961e-07,1950,7
2.0,32.5,243.12500000000003,296.50555,32.5,243.12500000000003,1.2250327e-06,1950,8
2.0,32.5,243.12500000000003,296.20416,32.5,243.12500000000003,9.8262035e-06,1950,9
2.0,32.5,243.12500000000003,295.2523,32.5,243.12500000000003,6.3115855e-09,1950,10
2.0,32.5,243.12500000000003,287.7724,32.5,243.12500000000003,4.1274297e-06,1950,11
2.0,32.5,243.12500000000003,286.68613,32.5,243.12500000000003,1.3391589e-05,1950,12
2.0,32.5,243.12500000000003,285.81635,32.5,243.12500000000003,3.7497828e-06,1951,1
2.0,32.5,243.12500000000003,285.45328,32.5,243.12500000000003,2.3117671e-05,1951,2
2.0,32.5,243.12500000000003,287.2869,32.5,243.12500000000003,2.1079224e-05,1951,3
2.0,32.5,243.12500000000003,287.74796,32.5,243.12500000000003,1.3614249e-05,1951,4
2.0,32.5,243.12500000000003,290.74286,32.5,243.12500000000003,6.083622e-07,1951,5
2.0,32.5,243.12500000000003,293.85312,32.5,243.12500000000003,3.416527e-07,1951,6
2.0,32.5,243.12500000000003,294.6986,32.5,243.12500000000003,2.9664946e-07,1951,7
2.0,32.5,243.12500000000003,298.49847,32.5,243.12500000000003,9.226045e-08,1951,8
2.0,32.5,243.12500000000003,295.15393,32.5,243.12500000000003,4.430059e-05,1951,9
2.0,32.5,243.12500000000003,296.1504,32.5,243.12500000000003,1.0326782e-05,1951,10
2.0,32.5,243.12500000000003,287.74625,32.5,243.12500000000003,6.987832e-06,1951,11
2.0,32.5,243.12500000000003,282.74973,32.5,243.12500000000003,5.5817207e-05,1951,12
2.0,32.5,243.12500000000003,284.11008,32.5,243.12500000000003,1.4937298e-05,1952,1
2.0,32.5,243.12500000000003,284.44794,32.5,243.12500000000003,1.875861e-05,1952,2
2.0,32.5,243.12500000000003,283.20612,32.5,243.12500000000003,2.3371527e-05,1952,3
2.0,32.5,243.12500000000003,288.65894,32.5,243.12500000000003,7.0737956e-06,1952,4
2.0,32.5,243.12500000000003,288.92468,32.5,243.12500000000003,5.926642e-06,1952,5
2.0,32.5,243.12500000000003,291.44012,32.5,243.12500000000003,1.3507399e-06,1952,6
2.0,32.5,243.12500000000003,297.1425,32.5,243.12500000000003,1.0316547e-06,1952,7
2.0,32.5,243.12500000000003,296.41162,32.5,243.12500000000003,3.251503e-07,1952,8
2.0,32.5,243.12500000000003,296.07355,32.5,243.12500000000003,2.2770818e-07,1952,9
2.0,32.5,243.12500000000003,293.68826,32.5,243.12500000000003,3.3028018e-06,1952,10
2.0,32.5,243.12500000000003,288.0696,32.5,243.12500000000003,1.4910215e-05,1952,11
2.0,32.5,243.12500000000003,284.86545,32.5,243.12500000000003,1.1104257e-05,1952,12
2.0,32.5,243.12500000000003,282.756,32.5,243.12500000000003,1.746884e-05,1953,1
2.0,32.5,243.12500000000003,284.39963,32.5,243.12500000000003,8.282148e-06,1953,2
2.0,32.5,243.12500000000003,287.12622,32.5,243.12500000000003,1.4106655e-05,1953,3
2.0,32.5,243.12500000000003,288.45407,32.5,243.12500000000003,5.42393e-06,1953,4
2.0,32.5,243.12500000000003,290.1683,32.5,243.12500000000003,1.2946498e-05,1953,5
2.0,32.5,243.12500000000003,292.11435,32.5,243.12500000000003,1.6802609e-06,1953,6
2.0,32.5,243.12500000000003,294.27173,32.5,243.12500000000003,5.3036916e-07,1953,7
2.0,32.5,243.12500000000003,297.17648,32.5,243.12500000000003,8.475637e-08,1953,8
2.0,32.5,243.12500000000003,295.359,32.5,243.12500000000003,2.228032e-05,1953,9
2.0,32.5,243.12500000000003,292.95444,32.5,243.12500000000003,2.2870541e-05,1953,10
2.0,32.5,243.12500000000003,286.04822,32.5,243.12500000000003,3.5884117e-05,1953,11
2.0,32.5,243.12500000000003,282.96,32.5,243.12500000000003,5.997753e-06,1953,12
2.0,32.5,243.12500000000003,285.12125,32.5,243.12500000000003,2.0660578e-05,1954,1
2.0,32.5,243.12500000000003,285.84274,32.5,243.12500000000003,1.4047546e-05,1954,2
2.0,32.5,243.12500000000003,285.95068,32.5,243.12500000000003,2.8467703e-05,1954,3
2.0,32.5,243.12500000000003,287.20276,32.5,243.12500000000003,1.5192704e-05,1954,4
2.0,32.5,243.12500000000003,290.4765,32.5,243.12500000000003,9.111274e-06,1954,5
2.0,32.5,243.12500000000003,294.99594,32.5,243.12500000000003,4.904996e-07,1954,6
2.0,32.5,243.12500000000003,295.03452,32.5,243.12500000000003,5.7225736e-07,1954,7
2.0,32.5,243.12500000000003,298.4193,32.5,243.12500000000003,5.320705e-07,1954,8
2.0,32.5,243.12500000000003,295.49976,32.5,243.12500000000003,5.2712386e-07,1954,9
2.0,32.5,243.12500000000003,295.72137,32.5,243.12500000000003,5.252527e-07,1954,10
2.0,32.5,243.12500000000003,288.636,32.5,243.12500000000003,1.8000344e-05,1954,11
2.0,32.5,243.12500000000003,284.65472,32.5,243.12500000000003,1.9610608e-05,1954,12
2.0,32.5,243.12500000000003,287.06497,32.5,243.12500000000003,1.2405506e-07,1955,1
2.0,32.5,243.12500000000003,285.70697,32.5,243.12500000000003,1.6574508e-05,1955,2
2.0,32.5,243.12500000000003,286.62613,32.5,243.12500000000003,1.2937199e-05,1955,3
2.0,32.5,243.12500000000003,288.58456,32.5,243.12500000000003,4.28624e-06,1955,4
2.0,32.5,243.12500000000003,291.0268,32.5,243.12500000000003,1.119979e-06,1955,5
2.0,32.5,243.12500000000003,291.7978,32.5,243.12500000000003,5.9097647e-07,1955,6
2.0,32.5,243.12500000000003,294.7148,32.5,243.12500000000003,7.0618574e-07,1955,7
2.0,32.5,243.12500000000003,296.6595,32.5,243.12500000000003,2.706141e-07,1955,8
2.0,32.5,243.12500000000003,296.90753,32.5,243.12500000000003,9.697978e-06,1955,9
2.0,32.5,243.12500000000003,292.975,32.5,243.12500000000003,4.5965e-06,1955,10
2.0,32.5,243.12500000000003,286.92612,32.5,243.12500000000003,4.840594e-06,1955,11
2.0,32.5,243.12500000000003,284.54117,32.5,243.12500000000003,5.0618482e-06,1955,12
2.0,32.5,243.12500000000003,283.0995,32.5,243.12500000000003,5.3304037e-05,1956,1
2.0,32.5,243.12500000000003,285.41513,32.5,243.12500000000003,1.3693945e-05,1956,2
2.0,32.5,243.12500000000003,286.81284,32.5,243.12500000000003,2.9470584e-06,1956,3
2.0,32.5,243.12500000000003,287.42178,32.5,243.12500000000003,2.359068e-06,1956,4
2.0,32.5,243.12500000000003,290.43002,32.5,243.12500000000003,2.8065317e-06,1956,5
2.0,32.5,243.12500000000003,290.84467,32.5,243.12500000000003,9.393073e-07,1956,6
2.0,32.5,243.12500000000003,295.19006,32.5,243.12500000000003,2.949932e-07,1956,7
2.0,32.5,243.12500000000003,296.7198,32.5,243.12500000000003,3.983283e-06,1956,8
2.0,32.5,243.12500000000003,293.39066,32.5,243.12500000000003,6.5575937e-06,1956,9
2.0,32.5,243.12500000000003,293.29984,32.5,243.12500000000003,1.2717318e-06,1956,10
2.0,32.5,243.12500000000003,286.22525,32.5,243.12500000000003,5.1107377e-06,1956,11
2.0,32.5,243.12500000000003,282.35995,32.5,243.12500000000003,1.2602548e-05,1956,12
2.0,32.5,243.12500000000003,283.90454,32.5,243.12500000000003,1.5447424e-05,1957,1
2.0,32.5,243.12500000000003,285.21304,32.5,243.12500000000003,1.604164e-05,1957,2
2.0,32.5,243.12500000000003,286.8357,32.5,243.12500000000003,1.368238e-05,1957,3
2.0,32.5,243.12500000000003,290.65692,32.5,243.12500000000003,3.5678757e-05,1957,4
2.0,32.5,243.12500000000003,288.5324,32.5,243.12500000000003,2.9591151e-06,1957,5
2.0,32.5,243.12500000000003,293.117,32.5,243.12500000000003,3.508202e-07,1957,6
2.0,32.5,243.12500000000003,297.31982,32.5,243.12500000000003,6.35114e-07,1957,7
2.0,32.5,243.12500000000003,297.92917,32.5,243.12500000000003,6.6336993e-06,1957,8
2.0,32.5,243.12500000000003,298.6081,32.5,243.12500000000003,3.905651e-05,1957,9
2.0,32.5,243.12500000000003,294.47818,32.5,243.12500000000003,6.6521814e-08,1957,10
2.0,32.5,243.12500000000003,287.70523,32.5,243.12500000000003,1.5508527e-06,1957,11
2.0,32.5,243.12500000000003,286.84308,32.5,243.12500000000003,9.313689e-08,1957,12
2.0,32.5,243.12500000000003,285.35962,32.5,243.12500000000003,2.9268991e-05,1958,1
2.0,32.5,243.12500000000003,283.74603,32.5,243.12500000000003,1.9245332e-05,1958,2
2.0,32.5,243.12500000000003,284.26953,32.5,243.12500000000003,4.4622084e-05,1958,3
2.0,32.5,243.12500000000003,285.59296,32.5,243.12500000000003,8.008284e-06,1958,4
2.0,32.5,243.12500000000003,290.33096,32.5,243.12500000000003,1.6150607e-06,1958,5
2.0,32.5,243.12500000000003,291.96048,32.5,243.12500000000003,8.102171e-07,1958,6
2.0,32.5,243.12500000000003,297.41327,32.5,243.12500000000003,2.5241425e-07,1958,7
2.0,32.5,243.12500000000003,296.70688,32.5,243.12500000000003,2.856153e-07,1958,8
2.0,32.5,243.12500000000003,297.2492,32.5,243.12500000000003,5.09432e-06,1958,9
2.0,32.5,243.12500000000003,294.79825,32.5,243.12500000000003,2.5839318e-08,1958,10
2.0,32.5,243.12500000000003,287.14554,32.5,243.12500000000003,1.5597745e-05,1958,11
2.0,32.5,243.12500000000003,284.31677,32.5,243.12500000000003,2.3001896e-05,1958,12
2.0,32.5,243.12500000000003,284.6386,32.5,243.12500000000003,0.000125185,1959,1
2.0,32.5,243.12500000000003,285.45212,32.5,243.12500000000003,4.1305506e-05,1959,2
2.0,32.5,243.12500000000003,284.67172,32.5,243.12500000000003,4.4473167e-05,1959,3
2.0,32.5,243.12500000000003,286.27072,32.5,243.12500000000003,2.5965752e-05,1959,4
2.0,32.5,243.12500000000003,288.61395,32.5,243.12500000000003,9.485147e-06,1959,5
2.0,32.5,243.12500000000003,291.49432,32.5,243.12500000000003,3.8042108e-06,1959,6
2.0,32.5,243.12500000000003,294.74594,32.5,243.12500000000003,6.578558e-07,1959,7
2.0,32.5,243.12500000000003,295.69144,32.5,243.12500000000003,5.7495987e-07,1959,8
2.0,32.5,243.12500000000003,295.00037,32.5,243.12500000000003,8.010999e-07,1959,9
2.0,32.5,243.12500000000003,291.3271,32.5,243.12500000000003,8.231984e-06,1959,10
2.0,32.5,243.12500000000003,286.09726,32.5,243.12500000000003,6.9356497e-06,1959,11
2.0,32.5,243.12500000000003,281.59137,32.5,243.12500000000003,2.2421329e-05,1959,12
2.0,32.5,243.12500000000003,282.2499,32.5,243.12500000000003,1.9618046e-05,1960,1
2.0,32.5,243.12500000000003,283.63788,32.5,243.12500000000003,2.7185504e-05,1960,2
2.0,32.5,243.12500000000003,286.48956,32.5,243.12500000000003,1.38505875e-05,1960,3
2.0,32.5,243.12500000000003,287.86716,32.5,243.12500000000003,6.1581854e-06,1960,4
2.0,32.5,243.12500000000003,291.90326,32.5,243.12500000000003,1.6563605e-06,1960,5
2.0,32.5,243.12500000000003,291.80316,32.5,243.12500000000003,1.4894672e-06,1960,6
2.0,32.5,243.12500000000003,295.9621,32.5,243.12500000000003,1.864267e-07,1960,7
2.0,32.5,243.12500000000003,298.71,32.5,243.12500000000003,1.2400884e-07,1960,8
2.0,32.5,243.12500000000003,297.3573,32.5,243.12500000000003,5.089702e-07,1960,9
2.0,32.5,243.12500000000003,291.6237,32.5,243.12500000000003,6.0804405e-07,1960,10
2.0,32.5,243.12500000000003,288.08792,32.5,243.12500000000003,5.967591e-06,1960,11
2.0,32.5,243.12500000000003,285.12836,32.5,243.12500000000003,7.750614e-06,1960,12
2.0,32.5,243.12500000000003,285.12228,32.5,243.12500000000003,1.574189e-05,1961,1
2.0,32.5,243.12500000000003,285.81165,32.5,243.12500000000003,2.9280303e-05,1961,2
2.0,32.5,243.12500000000003,286.04578,32.5,243.12500000000003,1.1337879e-05,1961,3
2.0,32.5,243.12500000000003,287.4339,32.5,243.12500000000003,1.12181315e-05,1961,4
2.0,32.5,243.12500000000003,289.37128,32.5,243.12500000000003,8.1714725e-06,1961,5
2.0,32.5,243.12500000000003,291.50217,32.5,243.12500000000003,5.4483985e-07,1961,6
2.0,32.5,243.12500000000003,294.03632,32.5,243.12500000000003,9.278632e-07,1961,7
2.0,32.5,243.12500000000003,298.84384,32.5,243.12500000000003,1.0601383e-05,1961,8
2.0,32.5,243.12500000000003,295.7678,32.5,243.12500000000003,7.629279e-07,1961,9
2.0,32.5,243.12500000000003,289.76154,32.5,243.12500000000003,6.001167e-06,1961,10
2.0,32.5,243.12500000000003,285.60925,32.5,243.12500000000003,1.976816e-05,1961,11
2.0,32.5,243.12500000000003,283.99536,32.5,243.12500000000003,1.358477e-06,1961,12
2.0,32.5,243.12500000000003,284.41016,32.5,243.12500000000003,7.531429e-05,1962,1
2.0,32.5,243.12500000000003,285.5707,32.5,243.12500000000003,7.160515e-06,1962,2
2.0,32.5,243.12500000000003,285.7517,32.5,243.12500000000003,2.6958185e-05,1962,3
2.0,32.5,243.12500000000003,285.21735,32.5,243.12500000000003,3.7129175e-05,1962,4
2.0,32.5,243.12500000000003,291.0126,32.5,243.12500000000003,3.040264e-07,1962,5
2.0,32.5,243.12500000000003,291.27655,32.5,243.12500000000003,1.9275813e-06,1962,6
2.0,32.5,243.12500000000003,293.70813,32.5,243.12500000000003,5.436808e-07,1962,7
2.0,32.5,243.12500000000003,296.77612,32.5,243.12500000000003,9.621184e-07,1962,8
2.0,32.5,243.12500000000003,293.7079,32.5,243.12500000000003,5.515237e-07,1962,9
2.0,32.5,243.12500000000003,290.4716,32.5,243.12500000000003,1.2793966e-07,1962,10
2.0,32.5,243.12500000000003,285.94278,32.5,243.12500000000003,1.6080643e-06,1962,11
2.0,32.5,243.12500000000003,283.61917,32.5,243.12500000000003,4.754939e-06,1962,12
2.0,32.5,243.12500000000003,282.23923,32.5,243.12500000000003,1.2600619e-05,1963,1
2.0,32.5,243.12500000000003,284.85968,32.5,243.12500000000003,5.310827e-05,1963,2
2.0,32.5,243.12500000000003,287.32172,32.5,243.12500000000003,1.724446e-05,1963,3
2.0,32.5,243.12500000000003,285.76266,32.5,243.12500000000003,1.48483705e-05,1963,4
2.0,32.5,243.12500000000003,288.69754,32.5,243.12500000000003,4.0487453e-06,1963,5
2.0,32.5,243.12500000000003,294.53125,32.5,243.12500000000003,6.499861e-07,1963,6
2.0,32.5,243.12500000000003,294.85318,32.5,243.12500000000003,3.0431957e-07,1963,7
2.0,32.5,243.12500000000003,298.67233,32.5,243.12500000000003,2.325558e-07,1963,8
2.0,32.5,243.12500000000003,295.28906,32.5,243.12500000000003,1.077101e-06,1963,9
2.0,32.5,243.12500000000003,293.17,32.5,243.12500000000003,2.873791e-07,1963,10
2.0,32.5,243.12500000000003,286.08435,32.5,243.12500000000003,1.608957e-05,1963,11
2.0,32.5,243.12500000000003,284.01117,32.5,243.12500000000003,1.1605071e-05,1963,12
2.0,32.5,243.12500000000003,283.7657,32.5,243.12500000000003,2.1327005e-05,1964,1
2.0,32.5,243.12500000000003,283.57498,32.5,243.12500000000003,3.0002298e-05,1964,2
2.0,32.5,243.12500000000003,284.2177,32.5,243.12500000000003,1.4395306e-05,1964,3
2.0,32.5,243.12500000000003,286.61157,32.5,243.12500000000003,3.552646e-06,1964,4
2.0,32.5,243.12500000000003,287.77966,32.5,243.12500000000003,7.204329e-06,1964,5
2.0,32.5,243.12500000000003,291.04947,32.5,243.12500000000003,1.332502e-06,1964,6
2.0,32.5,243.12500000000003,295.39703,32.5,243.12500000000003,2.0977811e-07,1964,7
2.0,32.5,243.12500000000003,297.025,32.5,243.12500000000003,4.253966e-07,1964,8
2.0,32.5,243.12500000000003,296.01218,32.5,243.12500000000003,8.545988e-07,1964,9
2.0,32.5,243.12500000000003,292.4879,32.5,243.12500000000003,3.9234543e-08,1964,10
2.0,32.5,243.12500000000003,287.81937,32.5,243.12500000000003,1.7968003e-05,1964,11
2.0,32.5,243.12500000000003,281.65717,32.5,243.12500000000003,2.7750248e-05,1964,12
2.0,32.5,243.12500000000003,283.1961,32.5,243.12500000000003,7.960435e-06,1965,1
2.0,32.5,243.12500000000003,285.92108,32.5,243.12500000000003,9.989037e-06,1965,2
2.0,32.5,243.12500000000003,287.11823,32.5,243.12500000000003,8.641563e-06,1965,3
2.0,32.5,243.12500000000003,288.83722,32.5,243.12500000000003,2.4697476e-06,1965,4
2.0,32.5,243.12500000000003,288.61917,32.5,243.12500000000003,5.242819e-06,1965,5
2.0,32.5,243.12500000000003,291.75046,32.5,243.12500000000003,2.2440696e-05,1965,6
2.0,32.5,243.12500000000003,296.38675,32.5,243.12500000000003,2.0838146e-07,1965,7
2.0,32.5,243.12500000000003,296.434,32.5,243.12500000000003,4.0449646e-07,1965,8
2.0,32.5,243.12500000000003,297.76126,32.5,243.12500000000003,2.2892818e-06,1965,9
2.0,32.5,243.12500000000003,291.2258,32.5,243.12500000000003,1.5669895e-06,1965,10
2.0,32.5,243.12500000000003,287.7395,32.5,243.12500000000003,3.3071437e-06,1965,11
2.0,32.5,243.12500000000003,284.7421,32.5,243.12500000000003,7.2514185e-06,1965,12
2.0,32.5,243.12500000000003,283.81564,32.5,243.12500000000003,2.5050187e-05,1966,1
2.0,32.5,243.12500000000003,284.4434,32.5,243.12500000000003,4.626799e-05,1966,2
2.0,32.5,243.12500000000003,286.81363,32.5,243.12500000000003,1.2230438e-05,1966,3
2.0,32.5,243.12500000000003,285.85953,32.5,243.12500000000003,3.5586556e-05,1966,4
2.0,32.5,243.12500000000003,289.71237,32.5,243.12500000000003,3.7654888e-06,1966,5
2.0,32.5,243.12500000000003,290.95117,32.5,243.12500000000003,1.2327456e-06,1966,6
2.0,32.5,243.12500000000003,296.62808,32.5,243.12500000000003,2.7159012e-07,1966,7
2.0,32.5,243.12500000000003,294.87643,32.5,243.12500000000003,4.4096242e-07,1966,8
2.0,32.5,243.12500000000003,294.633,32.5,243.12500000000003,1.2949955e-05,1966,9
2.0,32.5,243.12500000000003,290.84445,32.5,243.12500000000003,7.5219587e-06,1966,10
2.0,32.5,243.12500000000003,284.9275,32.5,243.12500000000003,1.5930631e-05,1966,11
2.0,32.5,243.12500000000003,282.97302,32.5,243.12500000000003,1.7563962e-05,1966,12
2.0,32.5,243.12500000000003,282.0467,32.5,243.12500000000003,1.536891e-05,1967,1
2.0,32.5,243.12500000000003,285.10434,32.5,243.12500000000003,3.1425014e-05,1967,2
2.0,32.5,243.12500000000003,286.38333,32.5,243.12500000000003,2.122852e-05,1967,3
2.0,32.5,243.12500000000003,286.73865,32.5,243.12500000000003,8.479188e-06,1967,4
2.0,32.5,243.12500000000003,287.95438,32.5,243.12500000000003,2.7017181e-06,1967,5
2.0,32.5,243.12500000000003,290.66455,32.5,243.12500000000003,9.1685774e-07,1967,6
2.0,32.5,243.12500000000003,297.80603,32.5,243.12500000000003,2.1346419e-07,1967,7
2.0,32.5,243.12500000000003,296.50812,32.5,243.12500000000003,2.0009887e-07,1967,8
2.0,32.5,243.12500000000003,296.90204,32.5,243.12500000000003,1.5203266e-05,1967,9
2.0,32.5,243.12500000000003,290.42126,32.5,243.12500000000003,1.897214e-07,1967,10
2.0,32.5,243.12500000000003,285.987,32.5,243.12500000000003,1.593226e-05,1967,11
2.0,32.5,243.12500000000003,284.72067,32.5,243.12500000000003,3.2017728e-05,1967,12
2.0,32.5,243.12500000000003,284.819,32.5,243.12500000000003,2.416247e-06,1968,1
2.0,32.5,243.12500000000003,283.29288,32.5,243.12500000000003,5.3197306e-05,1968,2
2.0,32.5,243.12500000000003,285.10175,32.5,243.12500000000003,9.86674e-06,1968,3
2.0,32.5,243.12500000000003,289.00815,32.5,243.12500000000003,9.08026e-07,1968,4
2.0,32.5,243.12500000000003,291.015,32.5,243.12500000000003,4.1370627e-06,1968,5
2.0,32.5,243.12500000000003,292.2811,32.5,243.12500000000003,6.463389e-07,1968,6
2.0,32.5,243.12500000000003,295.4498,32.5,243.12500000000003,3.8375998e-07,1968,7
2.0,32.5,243.12500000000003,296.98544,32.5,243.12500000000003,4.1368563e-07,1968,8
2.0,32.5,243.12500000000003,296.96347,32.5,243.12500000000003,7.840888e-06,1968,9
2.0,32.5,243.12500000000003,292.80954,32.5,243.12500000000003,1.0334401e-05,1968,10
2.0,32.5,243.12500000000003,287.41663,32.5,243.12500000000003,6.0307093e-06,1968,11
2.0,32.5,243.12500000000003,284.77142,32.5,243.12500000000003,1.3328719e-06,1968,12
2.0,32.5,243.12500000000003,285.82895,32.5,243.12500000000003,4.11205e-06,1969,1
2.0,32.5,243.12500000000003,286.06326,32.5,243.12500000000003,5.139113e-07,1969,2
2.0,32.5,243.12500000000003,286.64206,32.5,243.12500000000003,1.356732e-05,1969,3
2.0,32.5,243.12500000000003,286.3955,32.5,243.12500000000003,4.3839864e-06,1969,4
2.0,32.5,243.12500000000003,289.64575,32.5,243.12500000000003,7.4765813e-07,1969,5
2.0,32.5,243.12500000000003,294.42648,32.5,243.12500000000003,1.2312023e-07,1969,6
2.0,32.5,243.12500000000003,297.90375,32.5,243.12500000000003,1.2008413e-06,1969,7
2.0,32.5,243.12500000000003,296.83838,32.5,243.12500000000003,2.1614764e-07,1969,8
2.0,32.5,243.12500000000003,295.67233,32.5,243.12500000000003,1.1034249e-07,1969,9
2.0,32.5,243.12500000000003,291.11432,32.5,243.12500000000003,1.9051535e-07,1969,10
2.0,32.5,243.12500000000003,286.03165,32.5,243.12500000000003,1.1590654e-07,1969,11
2.0,32.5,243.12500000000003,282.7115,32.5,243.12500000000003,9.413506e-06,1969,12
2.0,32.5,243.12500000000003,285.40872,32.5,243.12500000000003,1.41399805e-05,1970,1
2.0,32.5,243.12500000000003,283.8718,32.5,243.12500000000003,4.4671116e-05,1970,2
2.0,32.5,243.12500000000003,286.0474,32.5,243.12500000000003,3.3139277e-06,1970,3
2.0,32.5,243.12500000000003,286.78488,32.5,243.12500000000003,1.4804963e-05,1970,4
2.0,32.5,243.12500000000003,290.43094,32.5,243.12500000000003,1.7285089e-06,1970,5
2.0,32.5,243.12500000000003,291.0648,32.5,243.12500000000003,1.2675758e-06,1970,6
2.0,32.5,243.12500000000003,295.81155,32.5,243.12500000000003,4.3586053e-07,1970,7
2.0,32.5,243.12500000000003,299.1792,32.5,243.12500000000003,1.0012005e-06,1970,8
2.0,32.5,243.12500000000003,293.58145,32.5,243.12500000000003,3.1494096e-06,1970,9
2.0,32.5,243.12500000000003,290.12283,32.5,243.12500000000003,1.7142743e-06,1970,10
2.0,32.5,243.12500000000003,285.789,32.5,243.12500000000003,6.9124667e-06,1970,11
2.0,32.5,243.12500000000003,284.07425,32.5,243.12500000000003,6.2818813e-06,1970,12
2.0,32.5,243.12500000000003,284.9295,32.5,243.12500000000003,1.5018343e-05,1971,1
2.0,32.5,243.12500000000003,284.60437,32.5,243.12500000000003,1.7640505e-05,1971,2
2.0,32.5,243.12500000000003,286.5285,32.5,243.12500000000003,8.816305e-06,1971,3
2.0,32.5,243.12500000000003,289.5396,32.5,243.12500000000003,4.855707e-06,1971,4
2.0,32.5,243.12500000000003,289.4386,32.5,243.12500000000003,1.3667353e-06,1971,5
2.0,32.5,243.12500000000003,292.7468,32.5,243.12500000000003,7.184019e-07,1971,6
2.0,32.5,243.12500000000003,295.38885,32.5,243.12500000000003,3.085435e-07,1971,7
2.0,32.5,243.12500000000003,295.9796,32.5,243.12500000000003,2.1611304e-06,1971,8
2.0,32.5,243.12500000000003,299.0118,32.5,243.12500000000003,4.987958e-08,1971,9
2.0,32.5,243.12500000000003,291.4772,32.5,243.12500000000003,2.8371498e-05,1971,10
2.0,32.5,243.12500000000003,286.03497,32.5,243.12500000000003,5.8241294e-06,1971,11
2.0,32.5,243.12500000000003,283.5872,32.5,243.12500000000003,1.5192331e-05,1971,12
2.0,32.5,243.12500000000003,284.31683,32.5,243.12500000000003,1.0922632e-05,1972,1
2.0,32.5,243.12500000000003,285.95865,32.5,243.12500000000003,3.6924983e-05,1972,2
2.0,32.5,243.12500000000003,285.95773,32.5,243.12500000000003,1.11558165e-05,1972,3
2.0,32.5,243.12500000000003,285.75668,32.5,243.12500000000003,7.2725566e-06,1972,4
2.0,32.5,243.12500000000003,289.51498,32.5,243.12500000000003,2.2169945e-06,1972,5
2.0,32.5,243.12500000000003,291.69925,32.5,243.12500000000003,1.737554e-06,1972,6
2.0,32.5,243.12500000000003,293.29767,32.5,243.12500000000003,1.0303162e-06,1972,7
2.0,32.5,243.12500000000003,296.36142,32.5,243.12500000000003,4.3835726e-07,1972,8
2.0,32.5,243.12500000000003,294.03943,32.5,243.12500000000003,6.494181e-06,1972,9
2.0,32.5,243.12500000000003,292.44705,32.5,243.12500000000003,5.0901527e-08,1972,10
2.0,32.5,243.12500000000003,286.29434,32.5,243.12500000000003,1.43168045e-05,1972,11
2.0,32.5,243.12500000000003,286.212,32.5,243.12500000000003,1.4167091e-06,1972,12
2.0,32.5,243.12500000000003,285.6532,32.5,243.12500000000003,3.6453637e-06,1973,1
2.0,32.5,243.12500000000003,284.37036,32.5,243.12500000000003,1.1956204e-05,1973,2
2.0,32.5,243.12500000000003,287.07837,32.5,243.12500000000003,2.414571e-05,1973,3
2.0,32.5,243.12500000000003,288.3645,32.5,243.12500000000003,7.6023466e-06,1973,4
2.0,32.5,243.12500000000003,290.23077,32.5,243.12500000000003,1.7369899e-05,1973,5
2.0,32.5,243.12500000000003,292.46692,32.5,243.12500000000003,6.031666e-07,1973,6
2.0,32.5,243.12500000000003,297.25946,32.5,243.12500000000003,3.6531108e-07,1973,7
2.0,32.5,243.12500000000003,295.88577,32.5,243.12500000000003,2.3413651e-07,1973,8
2.0,32.5,243.12500000000003,296.68195,32.5,243.12500000000003,7.6994996e-07,1973,9
2.0,32.5,243.12500000000003,292.8012,32.5,243.12500000000003,1.5867706e-06,1973,10
2.0,32.5,243.12500000000003,286.16708,32.5,243.12500000000003,2.282633e-06,1973,11
2.0,32.5,243.12500000000003,282.91855,32.5,243.12500000000003,1.7653752e-05,1973,12
2.0,32.5,243.12500000000003,285.04266,32.5,243.12500000000003,1.1740181e-05,1974,1
2.0,32.5,243.12500000000003,284.4466,32.5,243.12500000000003,2.605001e-05,1974,2
2.0,32.5,243.12500000000003,288.1404,32.5,243.12500000000003,1.7857164e-05,1974,3
2.0,32.5,243.12500000000003,290.5579,32.5,243.12500000000003,6.602787e-07,1974,4
2.0,32.5,243.12500000000003,288.85675,32.5,243.12500000000003,5.997814e-07,1974,5
2.0,32.5,243.12500000000003,292.51422,32.5,243.12500000000003,2.729953e-07,1974,6
2.0,32.5,243.12500000000003,294.7744,32.5,243.12500000000003,4.3979244e-07,1974,7
2.0,32.5,243.12500000000003,296.01123,32.5,243.12500000000003,3.4333007e-05,1974,8
2.0,32.5,243.12500000000003,296.60516,32.5,243.12500000000003,1.8116442e-07,1974,9
2.0,32.5,243.12500000000003,295.04977,32.5,243.12500000000003,6.9386665e-08,1974,10
2.0,32.5,243.12500000000003,288.3164,32.5,243.12500000000003,9.12078e-06,1974,11
2.0,32.5,243.12500000000003,282.2131,32.5,243.12500000000003,2.128181e-05,1974,12
2.0,32.5,243.12500000000003,281.0255,32.5,243.12500000000003,1.4104053e-05,1975,1
2.0,32.5,243.12500000000003,283.04596,32.5,243.12500000000003,3.528382e-05,1975,2
2.0,32.5,243.12500000000003,284.68112,32.5,243.12500000000003,1.9532614e-05,1975,3
2.0,32.5,243.12500000000003,287.02405,32.5,243.12500000000003,6.6435637e-06,1975,4
2.0,32.5,243.12500000000003,288.81885,32.5,243.12500000000003,4.0105647e-06,1975,5
2.0,32.5,243.12500000000003,292.3588,32.5,243.12500000000003,8.6923296e-07,1975,6
2.0,32.5,243.12500000000003,298.17072,32.5,243.12500000000003,4.669209e-07,1975,7
2.0,32.5,243.12500000000003,297.74475,32.5,243.12500000000003,1.6467615e-06,1975,8
2.0,32.5,243.12500000000003,296.73383,32.5,243.12500000000003,1.1192232e-06,1975,9
2.0,32.5,243.12500000000003,291.26233,32.5,243.12500000000003,7.0033946e-07,1975,10
2.0,32.5,243.12500000000003,287.03696,32.5,243.12500000000003,1.0124243e-05,1975,11
2.0,32.5,243.12500000000003,283.82306,32.5,243.12500000000003,4.8756624e-06,1975,12
2.0,32.5,243.12500000000003,285.48068,32.5,243.12500000000003,1.092897e-05,1976,1
2.0,32.5,243.12500000000003,285.28537,32.5,243.12500000000003,2.711222e-06,1976,2
2.0,32.5,243.12500000000003,286.2357,32.5,243.12500000000003,1.0185868e-06,1976,3
2.0,32.5,243.12500000000003,287.64545,32.5,243.12500000000003,9.127094e-06,1976,4
2.0,32.5,243.12500000000003,288.723,32.5,243.12500000000003,3.201295e-06,1976,5
2.0,32.5,243.12500000000003,291.6069,32.5,243.12500000000003,1.8913059e-06,1976,6
2.0,32.5,243.12500000000003,293.77072,32.5,243.12500000000003,4.7892354e-07,1976,7
2.0,32.5,243.12500000000003,296.35226,32.5,243.12500000000003,4.154339e-07,1976,8
2.0,32.5,243.12500000000003,294.17892,32.5,243.12500000000003,3.3707278e-07,1976,9
2.0,32.5,243.12500000000003,291.90634,32.5,243.12500000000003,1.8156915e-06,1976,10
2.0,32.5,243.12500000000003,285.1567,32.5,243.12500000000003,2.1579539e-05,1976,11
2.0,32.5,243.12500000000003,285.37784,32.5,243.12500000000003,5.2018364e-05,1976,12
2.0,32.5,243.12500000000003,281.7269,32.5,243.12500000000003,1.18932085e-05,1977,1
2.0,32.5,243.12500000000003,284.89743,32.5,243.12500000000003,4.512394e-05,1977,2
2.0,32.5,243.12500000000003,284.08496,32.5,243.12500000000003,4.8682923e-05,1977,3
2.0,32.5,243.12500000000003,286.87143,32.5,243.12500000000003,2.6870557e-05,1977,4
2.0,32.5,243.12500000000003,291.37524,32.5,243.12500000000003,5.000033e-06,1977,5
2.0,32.5,243.12500000000003,292.80405,32.5,243.12500000000003,6.9553414e-07,1977,6
2.0,32.5,243.12500000000003,295.33252,32.5,243.12500000000003,4.598206e-07,1977,7
2.0,32.5,243.12500000000003,297.48404,32.5,243.12500000000003,4.3644477e-06,1977,8
2.0,32.5,243.12500000000003,295.4271,32.5,243.12500000000003,1.9292556e-05,1977,9
2.0,32.5,243.12500000000003,290.81534,32.5,243.12500000000003,3.4765987e-06,1977,10
2.0,32.5,243.12500000000003,287.46515,32.5,243.12500000000003,1.4714831e-06,1977,11
2.0,32.5,243.12500000000003,284.52142,32.5,243.12500000000003,5.2518946e-05,1977,12
2.0,32.5,243.12500000000003,281.84027,32.5,243.12500000000003,4.7499885e-05,1978,1
2.0,32.5,243.12500000000003,285.075,32.5,243.12500000000003,4.2786323e-05,1978,2
2.0,32.5,243.12500000000003,285.68677,32.5,243.12500000000003,7.47413e-05,1978,3
2.0,32.5,243.12500000000003,286.9589,32.5,243.12500000000003,1.6183396e-05,1978,4
2.0,32.5,243.12500000000003,287.28235,32.5,243.12500000000003,6.7255633e-06,1978,5
2.0,32.5,243.12500000000003,291.65363,32.5,243.12500000000003,5.325775e-07,1978,6
2.0,32.5,243.12500000000003,293.52197,32.5,243.12500000000003,9.505009e-07,1978,7
2.0,32.5,243.12500000000003,298.46783,32.5,243.12500000000003,2.3153653e-07,1978,8
2.0,32.5,243.12500000000003,295.42386,32.5,243.12500000000003,5.715194e-06,1978,9
2.0,32.5,243.12500000000003,292.05933,32.5,243.12500000000003,1.6052671e-06,1978,10
2.0,32.5,243.12500000000003,285.58304,32.5,243.12500000000003,2.2013544e-05,1978,11
2.0,32.5,243.12500000000003,284.38947,32.5,243.12500000000003,2.0872618e-05,1978,12
2.0,32.5,243.12500000000003,283.54,32.5,243.12500000000003,4.043029e-05,1979,1
2.0,32.5,243.12500000000003,283.78156,32.5,243.12500000000003,2.1393716e-05,1979,2
2.0,32.5,243.12500000000003,285.67712,32.5,243.12500000000003,2.8998076e-05,1979,3
2.0,32.5,243.12500000000003,286.50006,32.5,243.12500000000003,1.15834e-05,1979,4
2.0,32.5,243.12500000000003,289.1228,32.5,243.12500000000003,2.0466337e-06,1979,5
2.0,32.5,243.12500000000003,293.47,32.5,243.12500000000003,2.0704965e-06,1979,6
2.0,32.5,243.12500000000003,296.41858,32.5,243.12500000000003,2.542607e-06,1979,7
2.0,32.5,243.12500000000003,298.83032,32.5,243.12500000000003,1.11980896e-07,1979,8
2.0,32.5,243.12500000000003,296.2923,32.5,243.12500000000003,5.061939e-07,1979,9
2.0,32.5,243.12500000000003,296.4033,32.5,243.12500000000003,8.320527e-08,1979,10
2.0,32.5,243.12500000000003,286.50156,32.5,243.12500000000003,6.9066366e-05,1979,11
2.0,32.5,243.12500000000003,283.3686,32.5,243.12500000000003,2.3778357e-05,1979,12
2.0,32.5,243.12500000000003,282.12454,32.5,243.12500000000003,2.7516086e-05,1980,1
2.0,32.5,243.12500000000003,284.27484,32.5,243.12500000000003,1.43897005e-05,1980,2
2.0,32.5,243.12500000000003,287.8131,32.5,243.12500000000003,9.4873275e-07,1980,3
2.0,32.5,243.12500000000003,288.44724,32.5,243.12500000000003,1.1391909e-05,1980,4
2.0,32.5,243.12500000000003,288.9548,32.5,243.12500000000003,6.300721e-06,1980,5
2.0,32.5,243.12500000000003,292.75317,32.5,243.12500000000003,7.056326e-07,1980,6
2.0,32.5,243.12500000000003,297.50592,32.5,243.12500000000003,8.302516e-08,1980,7
2.0,32.5,243.12500000000003,296.01358,32.5,243.12500000000003,5.519135e-07,1980,8
2.0,32.5,243.12500000000003,297.21436,32.5,243.12500000000003,3.0888e-05,1980,9
2.0,32.5,243.12500000000003,294.26117,32.5,243.12500000000003,3.479243e-07,1980,10
2.0,32.5,243.12500000000003,289.78253,32.5,243.12500000000003,7.7806004e-07,1980,11
2.0,32.5,243.12500000000003,285.7299,32.5,243.12500000000003,3.0154615e-05,1980,12
2.0,32.5,243.12500000000003,282.20978,32.5,243.12500000000003,2.615265e-05,1981,1
2.0,32.5,243.12500000000003,284.67874,32.5,243.12500000000003,2.4089391e-05,1981,2
2.0,32.5,243.12500000000003,286.50394,32.5,243.12500000000003,4.1237625e-05,1981,3
2.0,32.5,243.12500000000003,288.56494,32.5,243.12500000000003,1.36348235e-05,1981,4
2.0,32.5,243.12500000000003,288.42758,32.5,243.12500000000003,2.8775044e-06,1981,5
2.0,32.5,243.12500000000003,292.22607,32.5,243.12500000000003,4.2523266e-07,1981,6
2.0,32.5,243.12500000000003,296.80835,32.5,243.12500000000003,9.24327e-08,1981,7
2.0,32.5,243.12500000000003,296.19925,32.5,243.12500000000003,6.1398913e-07,1981,8
2.0,32.5,243.12500000000003,294.22974,32.5,243.12500000000003,2.1523927e-05,1981,9
2.0,32.5,243.12500000000003,290.69733,32.5,243.12500000000003,4.1553208e-06,1981,10
2.0,32.5,243.12500000000003,286.43256,32.5,243.12500000000003,4.6228033e-06,1981,11
2.0,32.5,243.12500000000003,282.37833,32.5,243.12500000000003,2.241644e-08,1981,12
2.0,32.5,243.12500000000003,284.08026,32.5,243.12500000000003,1.8694043e-05,1982,1
2.0,32.5,243.12500000000003,283.67606,32.5,243.12500000000003,8.5207554e-05,1982,2
2.0,32.5,243.12500000000003,284.8925,32.5,243.12500000000003,2.017213e-05,1982,3
2.0,32.5,243.12500000000003,289.39362,32.5,243.12500000000003,4.6793634e-06,1982,4
2.0,32.5,243.12500000000003,290.72205,32.5,243.12500000000003,1.2487005e-06,1982,5
2.0,32.5,243.12500000000003,292.1569,32.5,243.12500000000003,6.0480886e-07,1982,6
2.0,32.5,243.12500000000003,298.45706,32.5,243.12500000000003,6.674774e-08,1982,7
2.0,32.5,243.12500000000003,296.8323,32.5,243.12500000000003,3.0905312e-07,1982,8
2.0,32.5,243.12500000000003,296.67703,32.5,243.12500000000003,1.5830086e-07,1982,9
2.0,32.5,243.12500000000003,291.53442,32.5,243.12500000000003,2.3855122e-05,1982,10
2.0,32.5,243.12500000000003,286.30472,32.5,243.12500000000003,1.0137978e-05,1982,11
2.0,32.5,243.12500000000003,283.27124,32.5,243.12500000000003,2.0034428e-05,1982,12
2.0,32.5,243.12500000000003,284.07605,32.5,243.12500000000003,7.714562e-06,1983,1
2.0,32.5,243.12500000000003,283.96155,32.5,243.12500000000003,6.550228e-06,1983,2
2.0,32.5,243.12500000000003,284.52335,32.5,243.12500000000003,2.6506836e-05,1983,3
2.0,32.5,243.12500000000003,288.5532,32.5,243.12500000000003,5.777468e-06,1983,4
2.0,32.5,243.12500000000003,289.83762,32.5,243.12500000000003,4.8597453e-06,1983,5
2.0,32.5,243.12500000000003,291.63965,32.5,243.12500000000003,1.6471006e-06,1983,6
2.0,32.5,243.12500000000003,295.42346,32.5,243.12500000000003,5.430017e-07,1983,7
2.0,32.5,243.12500000000003,295.74927,32.5,243.12500000000003,1.1102783e-05,1983,8
2.0,32.5,243.12500000000003,297.62103,32.5,243.12500000000003,2.0734204e-07,1983,9
2.0,32.5,243.12500000000003,293.41937,32.5,243.12500000000003,8.0532396e-07,1983,10
2.0,32.5,243.12500000000003,287.34384,32.5,243.12500000000003,1.2232441e-05,1983,11
2.0,32.5,243.12500000000003,283.25266,32.5,243.12500000000003,2.2928216e-05,1983,12
2.0,32.5,243.12500000000003,282.82693,32.5,243.12500000000003,1.5092502e-05,1984,1
2.0,32.5,243.12500000000003,284.3337,32.5,243.12500000000003,4.6018704e-06,1984,2
2.0,32.5,243.12500000000003,283.23163,32.5,243.12500000000003,2.7355496e-05,1984,3
2.0,32.5,243.12500000000003,286.56995,32.5,243.12500000000003,7.2433427e-06,1984,4
2.0,32.5,243.12500000000003,290.16806,32.5,243.12500000000003,9.196863e-07,1984,5
2.0,32.5,243.12500000000003,291.66428,32.5,243.12500000000003,8.505808e-07,1984,6
2.0,32.5,243.12500000000003,294.57205,32.5,243.12500000000003,1.3212255e-07,1984,7
2.0,32.5,243.12500000000003,295.47162,32.5,243.12500000000003,3.3895782e-07,1984,8
2.0,32.5,243.12500000000003,292.74878,32.5,243.12500000000003,7.2583015e-07,1984,9
2.0,32.5,243.12500000000003,291.91455,32.5,243.12500000000003,3.067919e-06,1984,10
2.0,32.5,243.12500000000003,287.15344,32.5,243.12500000000003,3.894785e-06,1984,11
2.0,32.5,243.12500000000003,281.38733,32.5,243.12500000000003,6.297177e-05,1984,12
2.0,32.5,243.12500000000003,279.16376,32.5,243.12500000000003,5.9885583e-06,1985,1
2.0,32.5,243.12500000000003,282.06036,32.5,243.12500000000003,1.1602129e-05,1985,2
2.0,32.5,243.12500000000003,283.77515,32.5,243.12500000000003,1.6564984e-05,1985,3
2.0,32.5,243.12500000000003,286.57642,32.5,243.12500000000003,2.0342126e-05,1985,4
2.0,32.5,243.12500000000003,287.56076,32.5,243.12500000000003,2.7263627e-06,1985,5
2.0,32.5,243.12500000000003,291.04465,32.5,243.12500000000003,4.589436e-07,1985,6
2.0,32.5,243.12500000000003,293.0663,32.5,243.12500000000003,7.6506086e-07,1985,7
2.0,32.5,243.12500000000003,297.00308,32.5,243.12500000000003,9.3482777e-07,1985,8
2.0,32.5,243.12500000000003,295.3726,32.5,243.12500000000003,3.6811568e-07,1985,9
2.0,32.5,243.12500000000003,293.85284,32.5,243.12500000000003,1.2059743e-07,1985,10
2.0,32.5,243.12500000000003,288.21823,32.5,243.12500000000003,6.694567e-07,1985,11
2.0,32.5,243.12500000000003,283.87924,32.5,243.12500000000003,1.3662571e-05,1985,12
2.0,32.5,243.12500000000003,283.89444,32.5,243.12500000000003,4.9664417e-05,1986,1
2.0,32.5,243.12500000000003,283.8565,32.5,243.12500000000003,3.50661e-05,1986,2
2.0,32.5,243.12500000000003,286.5325,32.5,243.12500000000003,1.9668481e-05,1986,3
2.0,32.5,243.12500000000003,286.07718,32.5,243.12500000000003,1.3229148e-05,1986,4
2.0,32.5,243.12500000000003,289.43997,32.5,243.12500000000003,1.267238e-06,1986,5
2.0,32.5,243.12500000000003,291.1836,32.5,243.12500000000003,8.819203e-07,1986,6
2.0,32.5,243.12500000000003,295.9123,32.5,243.12500000000003,3.3291224e-07,1986,7
2.0,32.5,243.12500000000003,297.13718,32.5,243.12500000000003,4.0354237e-08,1986,8
2.0,32.5,243.12500000000003,295.37137,32.5,243.12500000000003,1.7541504e-07,1986,9
2.0,32.5,243.12500000000003,291.86154,32.5,243.12500000000003,7.608886e-07,1986,10
2.0,32.5,243.12500000000003,288.63693,32.5,243.12500000000003,6.623305e-07,1986,11
2.0,32.5,243.12500000000003,283.3922,32.5,243.12500000000003,1.1465888e-05,1986,12
2.0,32.5,243.12500000000003,283.16257,32.5,243.12500000000003,4.9074257e-05,1987,1
2.0,32.5,243.12500000000003,286.3754,32.5,243.12500000000003,1.2085966e-06,1987,2
2.0,32.5,243.12500000000003,287.6183,32.5,243.12500000000003,4.646022e-06,1987,3
2.0,32.5,243.12500000000003,285.32178,32.5,243.12500000000003,4.6055055e-05,1987,4
2.0,32.5,243.12500000000003,289.55878,32.5,243.12500000000003,1.0808665e-05,1987,5
2.0,32.5,243.12500000000003,291.51114,32.5,243.12500000000003,1.3315231e-06,1987,6
2.0,32.5,243.12500000000003,293.53946,32.5,243.12500000000003,8.981169e-07,1987,7
2.0,32.5,243.12500000000003,296.57904,32.5,243.12500000000003,2.4073213e-05,1987,8
2.0,32.5,243.12500000000003,293.12262,32.5,243.12500000000003,1.5745785e-07,1987,9
2.0,32.5,243.12500000000003,291.13394,32.5,243.12500000000003,2.2372676e-06,1987,10
2.0,32.5,243.12500000000003,284.99155,32.5,243.12500000000003,1.9984327e-05,1987,11
2.0,32.5,243.12500000000003,282.58463,32.5,243.12500000000003,1.5717094e-05,1987,12
2.0,32.5,243.12500000000003,281.50742,32.5,243.12500000000003,1.0885041e-05,1988,1
2.0,32.5,243.12500000000003,284.3617,32.5,243.12500000000003,4.439321e-05,1988,2
2.0,32.5,243.12500000000003,285.1132,32.5,243.12500000000003,7.621456e-06,1988,3
2.0,32.5,243.12500000000003,286.37894,32.5,243.12500000000003,3.3239705e-06,1988,4
2.0,32.5,243.12500000000003,289.9892,32.5,243.12500000000003,2.8310403e-06,1988,5
2.0,32.5,243.12500000000003,291.38248,32.5,243.12500000000003,8.837361e-07,1988,6
2.0,32.5,243.12500000000003,294.86514,32.5,243.12500000000003,4.4230927e-07,1988,7
2.0,32.5,243.12500000000003,296.45587,32.5,243.12500000000003,8.81424e-08,1988,8
2.0,32.5,243.12500000000003,293.69638,32.5,243.12500000000003,2.1619262e-07,1988,9
2.0,32.5,243.12500000000003,292.99194,32.5,243.12500000000003,3.1861393e-07,1988,10
2.0,32.5,243.12500000000003,287.78134,32.5,243.12500000000003,1.891665e-05,1988,11
2.0,32.5,243.12500000000003,284.6666,32.5,243.12500000000003,1.6113068e-05,1988,12
2.0,32.5,243.12500000000003,284.63065,32.5,243.12500000000003,4.043604e-06,1989,1
2.0,32.5,243.12500000000003,286.38483,32.5,243.12500000000003,4.460886e-05,1989,2
2.0,32.5,243.12500000000003,284.88232,32.5,243.12500000000003,1.9774146e-05,1989,3
2.0,32.5,243.12500000000003,286.64252,32.5,243.12500000000003,8.849055e-06,1989,4
2.0,32.5,243.12500000000003,287.90094,32.5,243.12500000000003,1.4093466e-06,1989,5
2.0,32.5,243.12500000000003,293.49518,32.5,243.12500000000003,8.074563e-07,1989,6
2.0,32.5,243.12500000000003,293.80295,32.5,243.12500000000003,5.9095015e-07,1989,7
2.0,32.5,243.12500000000003,296.56937,32.5,243.12500000000003,2.1017881e-07,1989,8
2.0,32.5,243.12500000000003,297.16943,32.5,243.12500000000003,8.381936e-07,1989,9
2.0,32.5,243.12500000000003,292.45966,32.5,243.12500000000003,1.9723155e-05,1989,10
2.0,32.5,243.12500000000003,287.48575,32.5,243.12500000000003,9.055244e-06,1989,11
2.0,32.5,243.12500000000003,283.8918,32.5,243.12500000000003,1.4631748e-05,1989,12
2.0,32.5,243.12500000000003,285.11777,32.5,243.12500000000003,5.7931917e-05,1990,1
2.0,32.5,243.12500000000003,285.2612,32.5,243.12500000000003,6.2269195e-05,1990,2
2.0,32.5,243.12500000000003,285.301,32.5,243.12500000000003,2.2652834e-05,1990,3
2.0,32.5,243.12500000000003,285.95032,32.5,243.12500000000003,2.8951508e-05,1990,4
2.0,32.5,243.12500000000003,288.8073,32.5,243.12500000000003,9.038376e-07,1990,5
2.0,32.5,243.12500000000003,290.32492,32.5,243.12500000000003,1.7557985e-06,1990,6
2.0,32.5,243.12500000000003,296.11697,32.5,243.12500000000003,5.8260656e-07,1990,7
2.0,32.5,243.12500000000003,297.40387,32.5,243.12500000000003,1.0796484e-06,1990,8
2.0,32.5,243.12500000000003,298.10977,32.5,243.12500000000003,2.1514654e-07,1990,9
2.0,32.5,243.12500000000003,295.42468,32.5,243.12500000000003,2.4998049e-06,1990,10
2.0,32.5,243.12500000000003,288.3485,32.5,243.12500000000003,3.3155557e-05,1990,11
2.0,32.5,243.12500000000003,282.44247,32.5,243.12500000000003,2.1899039e-05,1990,12
2.0,32.5,243.12500000000003,284.7801,32.5,243.12500000000003,4.8209195e-06,1991,1
2.0,32.5,243.12500000000003,286.9782,32.5,243.12500000000003,8.854586e-06,1991,2
2.0,32.5,243.12500000000003,285.84344,32.5,243.12500000000003,5.526597e-06,1991,3
2.0,32.5,243.12500000000003,287.43173,32.5,243.12500000000003,1.2317454e-05,1991,4
2.0,32.5,243.12500000000003,291.53683,32.5,243.12500000000003,1.3933313e-06,1991,5
2.0,32.5,243.12500000000003,293.6543,32.5,243.12500000000003,3.9070136e-07,1991,6
2.0,32.5,243.12500000000003,296.3557,32.5,243.12500000000003,3.420591e-07,1991,7
2.0,32.5,243.12500000000003,298.7656,32.5,243.12500000000003,1.4567293e-07,1991,8
2.0,32.5,243.12500000000003,299.02493,32.5,243.12500000000003,6.0313137e-06,1991,9
2.0,32.5,243.12500000000003,294.19724,32.5,243.12500000000003,1.648667e-06,1991,10
2.0,32.5,243.12500000000003,285.87006,32.5,243.12500000000003,2.9946099e-05,1991,11
2.0,32.5,243.12500000000003,283.788,32.5,243.12500000000003,3.3894141e-06,1991,12
2.0,32.5,243.12500000000003,283.3232,32.5,243.12500000000003,2.9452114e-05,1992,1
2.0,32.5,243.12500000000003,287.11526,32.5,243.12500000000003,3.2968697e-07,1992,2
2.0,32.5,243.12500000000003,287.7192,32.5,243.12500000000003,1.1452246e-05,1992,3
2.0,32.5,243.12500000000003,288.7385,32.5,243.12500000000003,2.9037068e-05,1992,4
2.0,32.5,243.12500000000003,290.70496,32.5,243.12500000000003,1.2755678e-06,1992,5
2.0,32.5,243.12500000000003,293.66083,32.5,243.12500000000003,8.553642e-07,1992,6
2.0,32.5,243.12500000000003,295.73257,32.5,243.12500000000003,5.5228657e-08,1992,7
2.0,32.5,243.12500000000003,297.41794,32.5,243.12500000000003,1.3026434e-07,1992,8
2.0,32.5,243.12500000000003,295.26154,32.5,243.12500000000003,8.6971e-07,1992,9
2.0,32.5,243.12500000000003,291.4016,32.5,243.12500000000003,6.342157e-08,1992,10
2.0,32.5,243.12500000000003,286.41284,32.5,243.12500000000003,7.64299e-06,1992,11
2.0,32.5,243.12500000000003,284.68414,32.5,243.12500000000003,5.314338e-06,1992,12
2.0,32.5,243.12500000000003,283.85577,32.5,243.12500000000003,9.403832e-06,1993,1
2.0,32.5,243.12500000000003,285.80072,32.5,243.12500000000003,2.7004933e-07,1993,2
2.0,32.5,243.12500000000003,287.44342,32.5,243.12500000000003,2.3924247e-05,1993,3
2.0,32.5,243.12500000000003,286.4494,32.5,243.12500000000003,1.9031133e-05,1993,4
2.0,32.5,243.12500000000003,290.1593,32.5,243.12500000000003,5.3284652e-06,1993,5
2.0,32.5,243.12500000000003,292.37747,32.5,243.12500000000003,6.648207e-07,1993,6
2.0,32.5,243.12500000000003,296.65872,32.5,243.12500000000003,1.247845e-06,1993,7
2.0,32.5,243.12500000000003,296.74338,32.5,243.12500000000003,5.6174563e-06,1993,8
2.0,32.5,243.12500000000003,295.3381,32.5,243.12500000000003,9.606262e-07,1993,9
2.0,32.5,243.12500000000003,290.19992,32.5,243.12500000000003,9.5127115e-07,1993,10
2.0,32.5,243.12500000000003,286.58997,32.5,243.12500000000003,1.361367e-06,1993,11
2.0,32.5,243.12500000000003,285.30206,32.5,243.12500000000003,6.6958596e-06,1993,12
2.0,32.5,243.12500000000003,283.19986,32.5,243.12500000000003,1.4801928e-05,1994,1
2.0,32.5,243.12500000000003,284.16278,32.5,243.12500000000003,2.733671e-05,1994,2
2.0,32.5,243.12500000000003,286.49158,32.5,243.12500000000003,3.237376e-05,1994,3
2.0,32.5,243.12500000000003,289.39078,32.5,243.12500000000003,1.0467247e-05,1994,4
2.0,32.5,243.12500000000003,290.21536,32.5,243.12500000000003,9.095025e-07,1994,5
2.0,32.5,243.12500000000003,291.30414,32.5,243.12500000000003,1.3662499e-06,1994,6
2.0,32.5,243.12500000000003,294.73215,32.5,243.12500000000003,1.79757e-07,1994,7
2.0,32.5,243.12500000000003,294.67712,32.5,243.12500000000003,5.911031e-07,1994,8
2.0,32.5,243.12500000000003,296.08148,32.5,243.12500000000003,1.2847171e-05,1994,9
2.0,32.5,243.12500000000003,291.08844,32.5,243.12500000000003,1.1248495e-07,1994,10
2.0,32.5,243.12500000000003,287.57712,32.5,243.12500000000003,1.4060416e-05,1994,11
2.0,32.5,243.12500000000003,283.3504,32.5,243.12500000000003,2.2206208e-05,1994,12
2.0,32.5,243.12500000000003,284.3226,32.5,243.12500000000003,3.6031954e-05,1995,1
2.0,32.5,243.12500000000003,285.0845,32.5,243.12500000000003,1.3560863e-06,1995,2
2.0,32.5,243.12500000000003,286.77832,32.5,243.12500000000003,9.362439e-06,1995,3
2.0,32.5,243.12500000000003,286.01254,32.5,243.12500000000003,2.4613137e-05,1995,4
2.0,32.5,243.12500000000003,289.17593,32.5,243.12500000000003,4.47076e-06,1995,5
2.0,32.5,243.12500000000003,293.15433,32.5,243.12500000000003,5.2086733e-07,1995,6
2.0,32.5,243.12500000000003,295.27927,32.5,243.12500000000003,1.5933144e-07,1995,7
2.0,32.5,243.12500000000003,299.17865,32.5,243.12500000000003,1.3714121e-07,1995,8
2.0,32.5,243.12500000000003,293.71344,32.5,243.12500000000003,2.0437709e-07,1995,9
2.0,32.5,243.12500000000003,292.5506,32.5,243.12500000000003,1.5575711e-08,1995,10
2.0,32.5,243.12500000000003,285.9011,32.5,243.12500000000003,3.4504365e-06,1995,11
2.0,32.5,243.12500000000003,284.00742,32.5,243.12500000000003,1.3378571e-05,1995,12
2.0,32.5,243.12500000000003,283.76273,32.5,243.12500000000003,2.1929582e-06,1996,1
2.0,32.5,243.12500000000003,284.7116,32.5,243.12500000000003,3.7454924e-05,1996,2
2.0,32.5,243.12500000000003,286.23154,32.5,243.12500000000003,4.47778e-06,1996,3
2.0,32.5,243.12500000000003,286.68018,32.5,243.12500000000003,6.0400616e-06,1996,4
2.0,32.5,243.12500000000003,291.72446,32.5,243.12500000000003,3.433467e-07,1996,5
2.0,32.5,243.12500000000003,293.33377,32.5,243.12500000000003,1.1752533e-06,1996,6
2.0,32.5,243.12500000000003,297.20154,32.5,243.12500000000003,1.1275744e-08,1996,7
2.0,32.5,243.12500000000003,296.99808,32.5,243.12500000000003,9.1189577e-07,1996,8
2.0,32.5,243.12500000000003,293.21106,32.5,243.12500000000003,3.7549677e-07,1996,9
2.0,32.5,243.12500000000003,289.81595,32.5,243.12500000000003,1.5398382e-05,1996,10
2.0,32.5,243.12500000000003,285.07947,32.5,243.12500000000003,1.5737909e-05,1996,11
2.0,32.5,243.12500000000003,285.3113,32.5,243.12500000000003,1.0869088e-05,1996,12
2.0,32.5,243.12500000000003,283.4928,32.5,243.12500000000003,1.8561678e-07,1997,1
2.0,32.5,243.12500000000003,285.18423,32.5,243.12500000000003,2.062751e-05,1997,2
2.0,32.5,243.12500000000003,285.77435,32.5,243.12500000000003,1.0327369e-05,1997,3
2.0,32.5,243.12500000000003,287.18768,32.5,243.12500000000003,4.468392e-06,1997,4
2.0,32.5,243.12500000000003,289.87695,32.5,243.12500000000003,2.0930904e-06,1997,5
2.0,32.5,243.12500000000003,293.17014,32.5,243.12500000000003,1.5946921e-06,1997,6
2.0,32.5,243.12500000000003,295.94153,32.5,243.12500000000003,4.8867446e-07,1997,7
2.0,32.5,243.12500000000003,298.12665,32.5,243.12500000000003,1.6122482e-07,1997,8
2.0,32.5,243.12500000000003,297.40915,32.5,243.12500000000003,5.1413855e-07,1997,9
2.0,32.5,243.12500000000003,292.86346,32.5,243.12500000000003,2.8230733e-07,1997,10
2.0,32.5,243.12500000000003,287.13464,32.5,243.12500000000003,3.6347533e-06,1997,11
2.0,32.5,243.12500000000003,281.6878,32.5,243.12500000000003,3.0007661e-06,1997,12
2.0,32.5,243.12500000000003,284.9396,32.5,243.12500000000003,5.470623e-06,1998,1
2.0,32.5,243.12500000000003,285.09308,32.5,243.12500000000003,2.3245078e-05,1998,2
2.0,32.5,243.12500000000003,286.85867,32.5,243.12500000000003,7.2464923e-06,1998,3
2.0,32.5,243.12500000000003,286.91272,32.5,243.12500000000003,1.5267544e-05,1998,4
2.0,32.5,243.12500000000003,287.853,32.5,243.12500000000003,3.578658e-06,1998,5
2.0,32.5,243.12500000000003,290.8897,32.5,243.12500000000003,1.050411e-06,1998,6
2.0,32.5,243.12500000000003,295.06314,32.5,243.12500000000003,6.958779e-07,1998,7
2.0,32.5,243.12500000000003,296.84747,32.5,243.12500000000003,2.2965422e-07,1998,8
2.0,32.5,243.12500000000003,296.86966,32.5,243.12500000000003,4.9510192e-05,1998,9
2.0,32.5,243.12500000000003,290.79913,32.5,243.12500000000003,3.1579857e-05,1998,10
2.0,32.5,243.12500000000003,286.10208,32.5,243.12500000000003,1.32111745e-05,1998,11
2.0,32.5,243.12500000000003,283.10825,32.5,243.12500000000003,1.4171888e-05,1998,12
2.0,32.5,243.12500000000003,284.34888,32.5,243.12500000000003,2.1315664e-05,1999,1
2.0,32.5,243.12500000000003,284.33148,32.5,243.12500000000003,5.3571493e-05,1999,2
2.0,32.5,243.12500000000003,285.61243,32.5,243.12500000000003,4.303244e-05,1999,3
2.0,32.5,243.12500000000003,286.23807,32.5,243.12500000000003,2.7403496e-05,1999,4
2.0,32.5,243.12500000000003,289.608,32.5,243.12500000000003,1.8156377e-06,1999,5
2.0,32.5,243.12500000000003,293.11697,32.5,243.12500000000003,1.5651204e-06,1999,6
2.0,32.5,243.12500000000003,297.0615,32.5,243.12500000000003,2.8891492e-07,1999,7
2.0,32.5,243.12500000000003,297.49106,32.5,243.12500000000003,6.523485e-06,1999,8
2.0,32.5,243.12500000000003,296.7114,32.5,243.12500000000003,1.1983794e-07,1999,9
2.0,32.5,243.12500000000003,292.09055,32.5,243.12500000000003,7.1514332e-09,1999,10
2.0,32.5,243.12500000000003,287.74274,32.5,243.12500000000003,8.0343325e-06,1999,11
2.0,32.5,243.12500000000003,283.54617,32.5,243.12500000000003,5.3185217e-06,1999,12
2.0,32.5,243.12500000000003,281.6303,32.5,243.12500000000003,3.1222426e-05,2000,1
2.0,32.5,243.12500000000003,285.62253,32.5,243.12500000000003,3.0491115e-06,2000,2
2.0,32.5,243.12500000000003,286.66635,32.5,243.12500000000003,1.1807664e-05,2000,3
2.0,32.5,243.12500000000003,289.29892,32.5,243.12500000000003,6.1535743e-06,2000,4
2.0,32.5,243.12500000000003,288.88913,32.5,243.12500000000003,6.1136748e-06,2000,5
2.0,32.5,243.12500000000003,291.95807,32.5,243.12500000000003,7.642727e-07,2000,6
2.0,32.5,243.12500000000003,298.16168,32.5,243.12500000000003,3.0143076e-07,2000,7
2.0,32.5,243.12500000000003,299.93243,32.5,243.12500000000003,2.9623468e-08,2000,8
2.0,32.5,243.12500000000003,295.0764,32.5,243.12500000000003,9.509649e-06,2000,9
2.0,32.5,243.12500000000003,293.9649,32.5,243.12500000000003,3.4175326e-07,2000,10
2.0,32.5,243.12500000000003,286.84695,32.5,243.12500000000003,9.819109e-06,2000,11
2.0,32.5,243.12500000000003,283.10004,32.5,243.12500000000003,1.31999695e-05,2000,12
2.0,32.5,243.12500000000003,284.9278,32.5,243.12500000000003,2.8248502e-05,2001,1
2.0,32.5,243.12500000000003,284.3523,32.5,243.12500000000003,8.964097e-05,2001,2
2.0,32.5,243.12500000000003,283.6753,32.5,243.12500000000003,2.5760452e-05,2001,3
2.0,32.5,243.12500000000003,288.24387,32.5,243.12500000000003,4.9394985e-06,2001,4
2.0,32.5,243.12500000000003,290.9594,32.5,243.12500000000003,1.0924149e-06,2001,5
2.0,32.5,243.12500000000003,291.18274,32.5,243.12500000000003,5.018194e-07,2001,6
2.0,32.5,243.12500000000003,293.959,32.5,243.12500000000003,8.667652e-07,2001,7
2.0,32.5,243.12500000000003,295.224,32.5,243.12500000000003,7.5227085e-06,2001,8
2.0,32.5,243.12500000000003,295.761,32.5,243.12500000000003,2.4322563e-07,2001,9
2.0,32.5,243.12500000000003,293.6106,32.5,243.12500000000003,5.729118e-08,2001,10
2.0,32.5,243.12500000000003,286.05173,32.5,243.12500000000003,2.8157397e-06,2001,11
2.0,32.5,243.12500000000003,283.88678,32.5,243.12500000000003,7.97246e-06,2001,12
2.0,32.5,243.12500000000003,284.5086,32.5,243.12500000000003,2.67453e-05,2002,1
2.0,32.5,243.12500000000003,284.38113,32.5,243.12500000000003,6.3106614e-05,2002,2
2.0,32.5,243.12500000000003,283.6425,32.5,243.12500000000003,5.9595168e-05,2002,3
2.0,32.5,243.12500000000003,286.29498,32.5,243.12500000000003,1.6529928e-05,2002,4
2.0,32.5,243.12500000000003,288.72797,32.5,243.12500000000003,3.0928018e-06,2002,5
2.0,32.5,243.12500000000003,290.85284,32.5,243.12500000000003,1.7004066e-06,2002,6
2.0,32.5,243.12500000000003,297.25827,32.5,243.12500000000003,3.0389475e-07,2002,7
2.0,32.5,243.12500000000003,299.0288,32.5,243.12500000000003,2.372546e-10,2002,8
2.0,32.5,243.12500000000003,294.85004,32.5,243.12500000000003,1.2494597e-07,2002,9
2.0,32.5,243.12500000000003,291.358,32.5,243.12500000000003,8.771267e-08,2002,10
2.0,32.5,243.12500000000003,286.59625,32.5,243.12500000000003,1.7073673e-05,2002,11
2.0,32.5,243.12500000000003,283.8427,32.5,243.12500000000003,2.8289787e-05,2002,12
2.0,32.5,243.12500000000003,283.4161,32.5,243.12500000000003,4.206455e-05,2003,1
2.0,32.5,243.12500000000003,285.29138,32.5,243.12500000000003,2.5362424e-05,2003,2
2.0,32.5,243.12500000000003,288.62024,32.5,243.12500000000003,2.0992074e-06,2003,3
2.0,32.5,243.12500000000003,288.92017,32.5,243.12500000000003,4.5594097e-06,2003,4
2.0,32.5,243.12500000000003,289.94922,32.5,243.12500000000003,1.6449827e-06,2003,5
2.0,32.5,243.12500000000003,293.51968,32.5,243.12500000000003,2.1368916e-07,2003,6
2.0,32.5,243.12500000000003,296.99744,32.5,243.12500000000003,8.7693785e-08,2003,7
2.0,32.5,243.12500000000003,297.44638,32.5,243.12500000000003,8.293466e-06,2003,8
2.0,32.5,243.12500000000003,296.7449,32.5,243.12500000000003,9.057976e-06,2003,9
2.0,32.5,243.12500000000003,294.17267,32.5,243.12500000000003,6.7082425e-08,2003,10
2.0,32.5,243.12500000000003,285.8085,32.5,243.12500000000003,7.713821e-06,2003,11
2.0,32.5,243.12500000000003,282.9554,32.5,243.12500000000003,5.1286082e-05,2003,12
2.0,32.5,243.12500000000003,282.85257,32.5,243.12500000000003,3.3013166e-05,2004,1
2.0,32.5,243.12500000000003,286.07452,32.5,243.12500000000003,1.4127138e-05,2004,2
2.0,32.5,243.12500000000003,287.34088,32.5,243.12500000000003,9.081592e-06,2004,3
2.0,32.5,243.12500000000003,287.51962,32.5,243.12500000000003,1.3403133e-05,2004,4
2.0,32.5,243.12500000000003,289.87708,32.5,243.12500000000003,1.6769679e-06,2004,5
2.0,32.5,243.12500000000003,292.51996,32.5,243.12500000000003,6.746306e-07,2004,6
2.0,32.5,243.12500000000003,297.0169,32.5,243.12500000000003,2.815581e-06,2004,7
2.0,32.5,243.12500000000003,295.45148,32.5,243.12500000000003,1.9870072e-07,2004,8
2.0,32.5,243.12500000000003,296.08786,32.5,243.12500000000003,8.828427e-07,2004,9
2.0,32.5,243.12500000000003,294.8663,32.5,243.12500000000003,8.487936e-07,2004,10
2.0,32.5,243.12500000000003,287.37637,32.5,243.12500000000003,7.3775045e-06,2004,11
2.0,32.5,243.12500000000003,283.05493,32.5,243.12500000000003,2.350716e-05,2004,12
2.0,32.5,243.12500000000003,284.00162,32.5,243.12500000000003,3.9962088e-05,2005,1
2.0,32.5,243.12500000000003,284.43463,32.5,243.12500000000003,5.80319e-05,2005,2
2.0,32.5,243.12500000000003,285.1921,32.5,243.12500000000003,2.0297706e-05,2005,3
2.0,32.5,243.12500000000003,286.76947,32.5,243.12500000000003,1.1756833e-05,2005,4
2.0,32.5,243.12500000000003,292.67548,32.5,243.12500000000003,6.442359e-07,2005,5
2.0,32.5,243.12500000000003,294.604,32.5,243.12500000000003,5.369207e-07,2005,6
2.0,32.5,243.12500000000003,295.6652,32.5,243.12500000000003,5.859391e-07,2005,7
2.0,32.5,243.12500000000003,297.45145,32.5,243.12500000000003,2.8762473e-05,2005,8
2.0,32.5,243.12500000000003,297.4562,32.5,243.12500000000003,4.8788945e-07,2005,9
2.0,32.5,243.12500000000003,292.7405,32.5,243.12500000000003,5.161605e-07,2005,10
2.0,32.5,243.12500000000003,287.62366,32.5,243.12500000000003,1.5772863e-05,2005,11
2.0,32.5,243.12500000000003,281.64536,32.5,243.12500000000003,2.0047466e-06,2005,12
2.0,32.5,243.12500000000003,281.25156,32.5,243.12500000000003,1.4364607e-05,2006,1
2.0,32.5,243.12500000000003,286.64957,32.5,243.12500000000003,7.5956304e-06,2006,2
2.0,32.5,243.12500000000003,285.97507,32.5,243.12500000000003,1.6282866e-05,2006,3
2.0,32.5,243.12500000000003,288.3069,32.5,243.12500000000003,4.220295e-06,2006,4
2.0,32.5,243.12500000000003,291.09842,32.5,243.12500000000003,8.388338e-07,2006,5
2.0,32.5,243.12500000000003,291.61792,32.5,243.12500000000003,1.2239815e-06,2006,6
2.0,32.5,243.12500000000003,296.6482,32.5,243.12500000000003,2.0131694e-07,2006,7
2.0,32.5,243.12500000000003,298.7273,32.5,243.12500000000003,9.064891e-06,2006,8
2.0,32.5,243.12500000000003,299.2108,32.5,243.12500000000003,9.575443e-06,2006,9
2.0,32.5,243.12500000000003,292.17773,32.5,243.12500000000003,1.2324954e-05,2006,10
2.0,32.5,243.12500000000003,288.009,32.5,243.12500000000003,1.2569748e-06,2006,11
2.0,32.5,243.12500000000003,282.16687,32.5,243.12500000000003,8.477915e-06,2006,12
2.0,32.5,243.12500000000003,283.15842,32.5,243.12500000000003,6.4420988e-06,2007,1
2.0,32.5,243.12500000000003,284.4357,32.5,243.12500000000003,9.6920585e-06,2007,2
2.0,32.5,243.12500000000003,285.90488,32.5,243.12500000000003,8.694749e-06,2007,3
2.0,32.5,243.12500000000003,288.52637,32.5,243.12500000000003,2.5719514e-06,2007,4
2.0,32.5,243.12500000000003,290.55807,32.5,243.12500000000003,8.501261e-07,2007,5
2.0,32.5,243.12500000000003,291.22363,32.5,243.12500000000003,1.3662678e-06,2007,6
2.0,32.5,243.12500000000003,294.85944,32.5,243.12500000000003,2.862889e-07,2007,7
2.0,32.5,243.12500000000003,294.47314,32.5,243.12500000000003,1.9443048e-06,2007,8
2.0,32.5,243.12500000000003,296.69852,32.5,243.12500000000003,2.3569963e-05,2007,9
2.0,32.5,243.12500000000003,293.0441,32.5,243.12500000000003,1.7572729e-06,2007,10
2.0,32.5,243.12500000000003,287.3137,32.5,243.12500000000003,2.0019641e-05,2007,11
2.0,32.5,243.12500000000003,286.29425,32.5,243.12500000000003,2.5167233e-07,2007,12
2.0,32.5,243.12500000000003,284.25427,32.5,243.12500000000003,2.9866542e-05,2008,1
2.0,32.5,243.12500000000003,286.50217,32.5,243.12500000000003,3.595792e-05,2008,2
2.0,32.5,243.12500000000003,286.10663,32.5,243.12500000000003,8.280791e-06,2008,3
2.0,32.5,243.12500000000003,289.15076,32.5,243.12500000000003,2.0502486e-05,2008,4
2.0,32.5,243.12500000000003,290.43893,32.5,243.12500000000003,5.0969934e-06,2008,5
2.0,32.5,243.12500000000003,292.8436,32.5,243.12500000000003,4.2306465e-06,2008,6
2.0,32.5,243.12500000000003,296.75815,32.5,243.12500000000003,1.9624724e-07,2008,7
2.0,32.5,243.12500000000003,297.2417,32.5,243.12500000000003,1.9772756e-07,2008,8
2.0,32.5,243.12500000000003,296.86182,32.5,243.12500000000003,2.7742077e-05,2008,9
2.0,32.5,243.12500000000003,293.3926,32.5,243.12500000000003,2.5627365e-08,2008,10
2.0,32.5,243.12500000000003,287.29575,32.5,243.12500000000003,8.748345e-07,2008,11
2.0,32.5,243.12500000000003,282.94504,32.5,243.12500000000003,3.293669e-05,2008,12
2.0,32.5,243.12500000000003,284.33646,32.5,243.12500000000003,1.3948028e-05,2009,1
2.0,32.5,243.12500000000003,285.10843,32.5,243.12500000000003,2.334786e-05,2009,2
2.0,32.5,243.12500000000003,284.81598,32.5,243.12500000000003,1.48953595e-05,2009,3
2.0,32.5,243.12500000000003,286.46274,32.5,243.12500000000003,6.8500567e-06,2009,4
2.0,32.5,243.12500000000003,290.59702,32.5,243.12500000000003,6.1862426e-07,2009,5
2.0,32.5,243.12500000000003,292.22018,32.5,243.12500000000003,8.3973487e-07,2009,6
2.0,32.5,243.12500000000003,295.1918,32.5,243.12500000000003,3.9322208e-07,2009,7
2.0,32.5,243.12500000000003,296.30112,32.5,243.12500000000003,2.3043036e-05,2009,8
2.0,32.5,243.12500000000003,296.53546,32.5,243.12500000000003,2.180131e-06,2009,9
2.0,32.5,243.12500000000003,291.88544,32.5,243.12500000000003,1.7511459e-06,2009,10
2.0,32.5,243.12500000000003,287.52676,32.5,243.12500000000003,1.2359806e-07,2009,11
2.0,32.5,243.12500000000003,285.1861,32.5,243.12500000000003,1.262624e-05,2009,12
2.0,32.5,243.12500000000003,284.44983,32.5,243.12500000000003,7.0886485e-06,2010,1
2.0,32.5,243.12500000000003,284.44153,32.5,243.12500000000003,2.5251891e-05,2010,2
2.0,32.5,243.12500000000003,287.0953,32.5,243.12500000000003,1.4514281e-05,2010,3
2.0,32.5,243.12500000000003,288.74762,32.5,243.12500000000003,1.1790234e-05,2010,4
2.0,32.5,243.12500000000003,290.48294,32.5,243.12500000000003,1.1462149e-06,2010,5
2.0,32.5,243.12500000000003,293.0481,32.5,243.12500000000003,5.5383504e-07,2010,6
2.0,32.5,243.12500000000003,295.69464,32.5,243.12500000000003,3.1937458e-07,2010,7
2.0,32.5,243.12500000000003,297.10858,32.5,243.12500000000003,4.17569e-06,2010,8
2.0,32.5,243.12500000000003,295.87546,32.5,243.12500000000003,3.2486366e-07,2010,9
2.0,32.5,243.12500000000003,290.8523,32.5,243.12500000000003,3.9548604e-06,2010,10
2.0,32.5,243.12500000000003,286.55682,32.5,243.12500000000003,1.180252e-05,2010,11
2.0,32.5,243.12500000000003,287.17645,32.5,243.12500000000003,1.2690711e-05,2010,12
2.0,32.5,243.12500000000003,282.76624,32.5,243.12500000000003,2.3702965e-05,2011,1
2.0,32.5,243.12500000000003,286.91693,32.5,243.12500000000003,2.74963e-06,2011,2
2.0,32.5,243.12500000000003,285.48996,32.5,243.12500000000003,2.4704552e-05,2011,3
2.0,32.5,243.12500000000003,289.312,32.5,243.12500000000003,1.4827292e-06,2011,4
2.0,32.5,243.12500000000003,290.06473,32.5,243.12500000000003,3.966837e-06,2011,5
2.0,32.5,243.12500000000003,293.0131,32.5,243.12500000000003,1.0227933e-06,2011,6
2.0,32.5,243.12500000000003,297.45135,32.5,243.12500000000003,7.561901e-08,2011,7
2.0,32.5,243.12500000000003,297.4191,32.5,243.12500000000003,1.141829e-05,2011,8
2.0,32.5,243.12500000000003,297.06567,32.5,243.12500000000003,9.283491e-08,2011,9
2.0,32.5,243.12500000000003,294.7091,32.5,243.12500000000003,2.4033e-07,2011,10
2.0,32.5,243.12500000000003,288.60364,32.5,243.12500000000003,1.0281339e-05,2011,11
2.0,32.5,243.12500000000003,286.91788,32.5,243.12500000000003,2.7725107e-05,2011,12
2.0,32.5,243.12500000000003,284.57697,32.5,243.12500000000003,3.0399979e-05,2012,1
2.0,32.5,243.12500000000003,284.0745,32.5,243.12500000000003,6.121128e-05,2012,2
2.0,32.5,243.12500000000003,286.8667,32.5,243.12500000000003,5.26155e-06,2012,3
2.0,32.5,243.12500000000003,289.65146,32.5,243.12500000000003,7.107939e-06,2012,4
2.0,32.5,243.12500000000003,288.96008,32.5,243.12500000000003,2.4878887e-06,2012,5
2.0,32.5,243.12500000000003,292.00113,32.5,243.12500000000003,7.747519e-07,2012,6
2.0,32.5,243.12500000000003,296.07037,32.5,243.12500000000003,2.717464e-07,2012,7
2.0,32.5,243.12500000000003,298.1226,32.5,243.12500000000003,3.6940008e-07,2012,8
2.0,32.5,243.12500000000003,297.41583,32.5,243.12500000000003,4.592137e-07,2012,9
2.0,32.5,243.12500000000003,292.78326,32.5,243.12500000000003,7.941048e-07,2012,10
2.0,32.5,243.12500000000003,286.46735,32.5,243.12500000000003,8.090831e-07,2012,11
2.0,32.5,243.12500000000003,283.2491,32.5,243.12500000000003,3.470813e-06,2012,12
2.0,32.5,243.12500000000003,285.38284,32.5,243.12500000000003,5.5343327e-05,2013,1
2.0,32.5,243.12500000000003,285.01324,32.5,243.12500000000003,1.9153555e-05,2013,2
2.0,32.5,243.12500000000003,286.8366,32.5,243.12500000000003,5.7739795e-05,2013,3
2.0,32.5,243.12500000000003,287.7061,32.5,243.12500000000003,9.68223e-06,2013,4
2.0,32.5,243.12500000000003,289.4567,32.5,243.12500000000003,7.98353e-06,2013,5
2.0,32.5,243.12500000000003,291.87384,32.5,243.12500000000003,1.1785754e-06,2013,6
2.0,32.5,243.12500000000003,294.62372,32.5,243.12500000000003,4.6024658e-07,2013,7
2.0,32.5,243.12500000000003,298.64993,32.5,243.12500000000003,1.7079354e-06,2013,8
2.0,32.5,243.12500000000003,296.2223,32.5,243.12500000000003,4.3099465e-07,2013,9
2.0,32.5,243.12500000000003,293.30615,32.5,243.12500000000003,8.2567e-07,2013,10
2.0,32.5,243.12500000000003,288.3907,32.5,243.12500000000003,3.367729e-05,2013,11
2.0,32.5,243.12500000000003,282.8184,32.5,243.12500000000003,3.5927128e-06,2013,12
2.0,32.5,243.12500000000003,282.17334,32.5,243.12500000000003,1.9347886e-05,2014,1
2.0,32.5,243.12500000000003,285.6267,32.5,243.12500000000003,4.1934982e-07,2014,2
2.0,32.5,243.12500000000003,289.69473,32.5,243.12500000000003,7.965375e-07,2014,3
2.0,32.5,243.12500000000003,287.4235,32.5,243.12500000000003,7.42093e-06,2014,4
2.0,32.5,243.12500000000003,289.94296,32.5,243.12500000000003,6.2247403e-07,2014,5
2.0,32.5,243.12500000000003,290.9805,32.5,243.12500000000003,7.7333914e-07,2014,6
2.0,32.5,243.12500000000003,296.41293,32.5,243.12500000000003,6.338342e-08,2014,7
2.0,32.5,243.12500000000003,300.08398,32.5,243.12500000000003,1.51968925e-05,2014,8
2.0,32.5,243.12500000000003,296.10822,32.5,243.12500000000003,1.5746901e-06,2014,9
2.0,32.5,243.12500000000003,293.8806,32.5,243.12500000000003,2.6693713e-06,2014,10
2.0,32.5,243.12500000000003,286.32953,32.5,243.12500000000003,1.3967448e-05,2014,11
2.0,32.5,243.12500000000003,281.49744,32.5,243.12500000000003,1.863843e-05,2014,12
